permit_id,property_name,municipal_case_id,publication_date,municipality,permit_type_num,permit_type,longitude,latitude
137593,SICKLAÖN 387:1,K821874/25,2025-11-03,Nacka,0,Bygglov,18.17378666526393,59.310100053486075
137603,SÄLEN 2,K821890/25,2025-11-03,Täby,2,Marklov,18.06457405090332,59.44383972167969
137611,Dalen 15,K822092/25,2025-11-03,Stockholm,0,Bygglov,18.09584444219416,59.288521159778945
137614,KORNKNARREN 4,K821906/25,2025-11-03,Sundbyberg,0,Bygglov,17.954171180725098,59.37224626541138
137622,Sätra 2:1,K822147/25,2025-11-03,Stockholm,0,Bygglov,17.93692741309083,59.28949735849631
137623,SKOLAN 11,K822178/25,2025-11-03,Danderyd,0,Bygglov,18.0452561378479,59.38707701365153
137635,Vinsta 5:1,K822176/25,2025-11-03,Stockholm,0,Bygglov,17.849962748534292,59.37450890507258
137656,Lysningsvisiten 4,K821988/25,2025-11-03,Stockholm,0,Bygglov,17.88850736618042,59.37520933151245
137662,Krubban 18,K822015/25,2025-11-03,Stockholm,0,Bygglov,18.088826656341553,59.334726651509605
137666,SICKLAÖN 37:84,K822040/25,2025-11-03,Nacka,0,Bygglov,18.121585726737976,59.31533703804016
137670,Bangården 1,K822123/25,2025-11-03,Stockholm,0,Bygglov,18.031129201253254,59.311429023742676
137672,Linaberg 11,K822138/25,2025-11-03,Stockholm,0,Bygglov,17.952714573253285,59.363767797296696
137680,ELDHAVET 1,K822027/25,2025-11-03,Sollentuna,0,Bygglov,17.97516320881091,59.464707023219056
137682,ETSNINGEN 10,K822053/25,2025-11-03,Sollentuna,0,Bygglov,17.95718224843343,59.4424934387207
137704,LIDINGÖ 4:349,K821998/25,2025-11-03,Lidingö,0,Bygglov,18.104951313563756,59.376844133649556
137705,MOTORN 1,K822013/25,2025-11-03,Huddinge,0,Bygglov,18.143213272094727,59.222975413004555
137711,TIMMERHUGGAREN 1,K822250/25,2025-11-03,Danderyd,0,Bygglov,18.050111134847004,59.39510186513265
137723,REPSLAGAREBANAN 1,K821999/25,2025-11-03,Lidingö,0,Bygglov,18.133086613246373,59.362860699089204
137737,GLÄNTAN 7,K822518/25,2025-11-03,Lidingö,0,Bygglov,18.178558667500813,59.37121264139811
137754,HÖGMORA 2:23,K822159/25,2025-11-03,Huddinge,2,Marklov,18.053999312380526,59.24287211641352
137757,Norrmalm 2:63,K822162/25,2025-11-03,Stockholm,0,Bygglov,18.071830043425926,59.33374991783729
137761,Svedmyra 1:1,K822077/25,2025-11-03,Stockholm,0,Bygglov,18.066826248168944,59.27389984130859
137770,Polstjärnan 2,K822110/25,2025-11-03,Stockholm,0,Bygglov,18.053781032562256,59.34404706954956
137835,SICKLAÖN 78:1,K825496/25,2025-11-04,Nacka,0,Bygglov,18.111931446620396,59.310386875697546
137836,SICKLAÖN 75:3,K825504/25,2025-11-04,Nacka,0,Bygglov,18.196925964963388,59.31397949461918
137860,SOLVENTILEN 1,K825923/25,2025-11-04,Lidingö,0,Bygglov,18.15563201904297,59.34316787719727
137862,MYSKMADRAN 4,K825926/25,2025-11-04,Lidingö,0,Bygglov,18.167563332451714,59.34305402967665
137863,TULLINGE 19:282,K825604/25,2025-11-04,Botkyrka,0,Bygglov,17.905827534576094,59.22013985118441
137864,VINTERGÄCKEN 2,K825604/25,2025-11-04,Botkyrka,0,Bygglov,17.92186164855957,59.2167603628976
137865,VINTERGÄCKEN 8,K825604/25,2025-11-04,Botkyrka,0,Bygglov,17.92263189951579,59.216253916422524
137866,VINTERGÄCKEN 3,K825604/25,2025-11-04,Botkyrka,0,Bygglov,17.922650146484376,59.216765594482425
137867,VINTERGÄCKEN 1,K825604/25,2025-11-04,Botkyrka,0,Bygglov,17.92189621925354,59.21627855300903
137868,TULLINGE 18:252,K825604/25,2025-11-04,Botkyrka,0,Bygglov,17.92179997762044,59.21612294514974
137884,KORNKNARREN 7,K825763/25,2025-11-04,Sundbyberg,0,Bygglov,17.953988393147785,59.3717295328776
137926,ORREN 30,K825832/25,2025-11-04,Danderyd,0,Bygglov,18.04621327718099,59.43268356323242
137952,LIDINGÖ 10:564,K825928/25,2025-11-04,Lidingö,0,Bygglov,18.15123963356018,59.356635093688965
137985,JAKOBSBERG 16:2,K825492/25,2025-11-04,Järfälla,0,Bygglov,17.845713085598415,59.42354753282335
138003,SPENATEN 1,K825902/25,2025-11-04,Solna,0,Bygglov,17.98351510365804,59.351219214645084
138040,Harvpinnen 12,K828633/25,2025-11-05,Stockholm,0,Bygglov,18.07960777282715,59.30892791748047
138047,ACKUMULATORN 1,K828173/25,2025-11-05,Huddinge,0,Bygglov,17.956486041729267,59.220075167142426
138055,Djurgården 1:35,K828591/25,2025-11-05,Stockholm,0,Bygglov,18.096919643345164,59.32335913359229
138076,GEODIMETERN 5,K828212/25,2025-11-05,Lidingö,0,Bygglov,18.159360122680663,59.34320220947266
138084,HUMLAN 14,K828375/25,2025-11-05,Sundbyberg,0,Bygglov,17.95684504508972,59.370267391204834
138086,MELLANBERG 7,K828276/25,2025-11-05,Botkyrka,0,Bygglov,17.905703438652885,59.22197045220269
138098,Kopparn 10,K828613/25,2025-11-05,Stockholm,0,Bygglov,18.089945983886718,59.31353530883789
138103,Roslagsbanan 1,K828647/25,2025-11-05,Stockholm,0,Bygglov,18.066041946411133,59.347838719685875
138107,Akalla 4:1,K828495/25,2025-11-05,Stockholm,0,Bygglov,17.911022989373457,59.416881360505755
138121,POSTILJONEN 6,K828678/25,2025-11-05,Danderyd,0,Bygglov,18.03685580359565,59.39799851311578
138123,SUNDBYBERG 2:22,K828461/25,2025-11-05,Sundbyberg,0,Bygglov,17.949569665609193,59.37084265230259
138131,Mimer 5,K828524/25,2025-11-05,Stockholm,0,Bygglov,18.049680590629578,59.3470983505249
138150,GRIMSTA 28:8,K828129/25,2025-11-05,Upplands väsby,0,Bygglov,17.9547860622406,59.49605083465576
138176,ÄLTA 69:1,K828056/25,2025-11-05,Nacka,0,Bygglov,18.178888834439793,59.2565356034499
138211,FEMÖRINGEN 1,K828324/25,2025-11-05,Solna,0,Bygglov,18.00903010368347,59.37898302078247
138220,Vallflickan 4,K828121/25,2025-11-05,Stockholm,1,Rivningslov,18.02917562212263,59.25623321533203
138222,Kålroten 3,K828143/25,2025-11-05,Stockholm,0,Bygglov,18.08255805969238,59.31186752319336
138248,VENDELSÖ 3:2204,K828229/25,2025-11-05,Haninge,0,Bygglov,18.179981904871322,59.20327467076919
138255,Don Carlos 8,K828209/25,2025-11-05,Stockholm,0,Bygglov,17.8543758392334,59.37874145507813
138300,Ledarö 3,K833944/25,2025-11-06,Stockholm,0,Bygglov,18.092375403956364,59.24702674464176
138301,Riksskattmästaren 52,K833738/25,2025-11-06,Stockholm,0,Bygglov,18.117652546275746,59.27186480435458
138307,Ulvsunda 1:1,K833860/25,2025-11-06,Stockholm,0,Bygglov,17.941941833496095,59.33416061401367
138311,Konsumenten 3,K833821/25,2025-11-06,Stockholm,0,Bygglov,18.00808879307338,59.27057211739676
138315,Läraren 7,K833998/25,2025-11-06,Stockholm,0,Bygglov,18.05208614894322,59.33570752825056
138317,Ässjan 2,K833870/25,2025-11-06,Stockholm,0,Bygglov,18.040258407592773,59.34551175435384
138322,Kåkenhusen 40,K833911/25,2025-11-06,Stockholm,0,Bygglov,18.070012664794923,59.3365535736084
138323,Akalla 4:8,K833953/25,2025-11-06,Stockholm,0,Bygglov,17.918858289718628,59.42026329040527
138326,Tönsberg 2,K833915/25,2025-11-06,Stockholm,0,Bygglov,17.933685970306396,59.40808258056641
138328,Halden 3,K833939/25,2025-11-06,Stockholm,0,Bygglov,17.931070861816405,59.4059016418457
138342,Kungsholmen 1:38,K833851/25,2025-11-06,Stockholm,0,Bygglov,18.031018342121993,59.33208945246026
138344,Väktaren 35,K833880/25,2025-11-06,Stockholm,0,Bygglov,18.030627822875978,59.33245742797852
138345,Bergen 1,K833930/25,2025-11-06,Stockholm,0,Bygglov,17.929165115356444,59.40858001708985
138349,Stävholmen 20,K833627/25,2025-11-06,Stockholm,0,Bygglov,17.900454711914062,59.27010726928711
138350,Glasbruket 3,K833638/25,2025-11-06,Stockholm,0,Bygglov,18.051340738932293,59.327485190497505
138351,Kolding 4,K833639/25,2025-11-06,Stockholm,0,Bygglov,17.948970703851607,59.39589545840309
138354,Proppen 5,K833660/25,2025-11-06,Stockholm,0,Bygglov,18.089856910705567,59.30254135131836
138355,Pokalen 7,K833663/25,2025-11-06,Stockholm,0,Bygglov,18.032814025878906,59.343379974365234
138356,Köksfläkten 4,K833672/25,2025-11-06,Stockholm,0,Bygglov,18.00356376171112,59.32327699661255
138358,Vasastaden 1:16,K833683/25,2025-11-06,Stockholm,0,Bygglov,18.025985197587445,59.34348354917584
138359,Bygeln 4,K833373/25,2025-11-06,Stockholm,0,Bygglov,18.025008243063223,59.257352248482086
138361,Fraktsedeln 4,K833727/25,2025-11-06,Stockholm,0,Bygglov,17.88564133644104,59.36438512802124
138363,Konsthallen 15,K833384/25,2025-11-06,Stockholm,0,Bygglov,18.096778869628906,59.32472801208496
138364,Ladugårdsgärdet 1:8,K833406/25,2025-11-06,Stockholm,0,Bygglov,18.09845796441447,59.34383731715107
138366,GUNNARBO 2,K833710/25,2025-11-06,Solna,0,Bygglov,17.998684883117676,59.38085052490234
138370,Norra Djurgården 1:1,K833418/25,2025-11-06,Stockholm,0,Bygglov,18.1173671219084,59.33360709084405
138380,Enskede Gård 1:1,K833740/25,2025-11-06,Stockholm,0,Bygglov,18.086138407389324,59.278303146362305
138391,Tjället 10,K833467/25,2025-11-06,Stockholm,0,Bygglov,18.013742752075196,59.33821411132813
138395,Håkan 1,K833485/25,2025-11-06,Stockholm,0,Bygglov,17.919994690838983,59.37550914988798
138396,Masken 50,K833495/25,2025-11-06,Stockholm,0,Bygglov,18.081578850746155,59.3077507019043
138398,ÄLTA 30:101,K833875/25,2025-11-06,Nacka,0,Bygglov,18.195388793945312,59.25751575670744
138399,Skeppsholmen 1:1,K833524/25,2025-11-06,Stockholm,0,Bygglov,18.082932456595,59.3265383986176
138400,Pontonjärkasern 10,K833526/25,2025-11-06,Stockholm,0,Bygglov,18.035164303249783,59.32965977986654
138421,VADAREN 9,K833979/25,2025-11-06,Huddinge,0,Bygglov,17.95354390144348,59.27246570587158
138430,Antonius 17,K833338/25,2025-11-06,Stockholm,0,Bygglov,17.903629938761394,59.367088317871094
138433,KÖKET 19,K833552/25,2025-11-06,Täby,0,Bygglov,18.094628143310548,59.45069808959961
138447,Kontrolluret 3,K833427/25,2025-11-06,Stockholm,0,Bygglov,17.996926069259644,59.29719352722168
138449,Enen 25,K833444/25,2025-11-06,Stockholm,0,Bygglov,18.003807544708252,59.30132427215576
138452,Övernattningen 3,K833460/25,2025-11-06,Stockholm,0,Bygglov,17.953907860649956,59.28693771362305
138453,MAGISTERN 21,K833420/25,2025-11-06,Huddinge,0,Bygglov,17.95646438598633,59.26059265136719
138454,VÄSTAN 1,K833445/25,2025-11-06,Solna,0,Bygglov,18.032831736973353,59.382459368024556
138456,LÄDERSÄTTRA 3:1,K833268/25,2025-11-06,Järfälla,0,Bygglov,17.81299082438151,59.45252545674642
138461,Staren 8,K833506/25,2025-11-06,Stockholm,0,Bygglov,18.056466420491535,59.35059356689453
138462,Linaberg 22,K833668/25,2025-11-06,Stockholm,0,Bygglov,17.953787922859192,59.36291694641113
138463,Hälsingerunan 1,K833670/25,2025-11-06,Stockholm,0,Bygglov,17.898514641655815,59.350768619113495
138464,Farsta 2:1,K833676/25,2025-11-06,Stockholm,0,Bygglov,18.09352403512099,59.24792049777123
138468,Taktäckaren 2,K833507/25,2025-11-06,Stockholm,0,Bygglov,18.060655975341795,59.3426872253418
138473,Marieberg 1:15,K833700/25,2025-11-06,Stockholm,0,Bygglov,18.0262223309233,59.329087643222955
138474,Brinckan 3,K833708/25,2025-11-06,Stockholm,0,Bygglov,18.061470898714933,59.31355805830522
138476,Trikåfabriken 3,K833723/25,2025-11-06,Stockholm,0,Bygglov,18.091858182634628,59.301187242780415
138479,Pontonjärkasern 11,K833574/25,2025-11-06,Stockholm,0,Bygglov,18.035552978515625,59.32957420349121
138483,Sandstugan 3,K833623/25,2025-11-06,Stockholm,0,Bygglov,18.082152728376716,59.28863209691541
138484,Havsfrun 25,K833629/25,2025-11-06,Stockholm,0,Bygglov,18.083266019821167,59.33617115020752
138485,Radergummit 5,K833796/25,2025-11-06,Stockholm,0,Bygglov,17.88238525390625,59.36618296305338
138491,SICKLAÖN 317:3,K833305/25,2025-11-06,Nacka,0,Bygglov,18.190510034561157,59.30234670639038
138493,Fatbursbrunnen 7,K833633/25,2025-11-06,Stockholm,0,Bygglov,18.0618896484375,59.315434265136716
138494,Brännaren 12,K833637/25,2025-11-06,Stockholm,0,Bygglov,18.083332061767578,59.33814697265625
138502,Älvsjö 1:1,K833886/25,2025-11-06,Stockholm,0,Bygglov,18.01952912547801,59.270564844112585
138504,Valskvarnen 1,K833893/25,2025-11-06,Stockholm,0,Bygglov,17.932335535685223,59.39132181803385
138509,Barnhusväderkvarnen 36,K833431/25,2025-11-06,Stockholm,0,Bygglov,18.055425961812336,59.3390531539917
138512,Sidfoten 1,K833479/25,2025-11-06,Stockholm,0,Bygglov,17.875494241714478,59.360490560531616
138513,Kurland 21,K833481/25,2025-11-06,Stockholm,0,Bygglov,18.057375717163087,59.33827629089355
138516,SNÅRET 9,K837467/25,2025-11-06,Lidingö,0,Bygglov,18.1268461227417,59.37194557189942
138519,MORGONSOLEN SÖDRA 2,K837466/25,2025-11-06,Lidingö,0,Bygglov,18.14866320292155,59.36144892374674
138521,Ramsökaren 5,K833636/25,2025-11-06,Stockholm,0,Bygglov,18.05147213406033,59.26973554823134
138523,Bergsgruvan Större 50,K833648/25,2025-11-06,Stockholm,0,Bygglov,18.057723558866062,59.31517689044659
138530,SÄBY 3:16,K833737/25,2025-11-06,Järfälla,0,Bygglov,17.848400115966797,59.42730712890625
138534,NYBODA 1,K833847/25,2025-11-06,Solna,0,Bygglov,17.99208915934843,59.356312583474555
138564,SUNDBYBERG 2:4,K837762/25,2025-11-07,Sundbyberg,0,Bygglov,17.962561484394236,59.362109952123255
138578,Klabben 3,K837741/25,2025-11-07,Stockholm,0,Bygglov,18.106155037879944,59.303009033203125
138580,Fotsacken 1,K837775/25,2025-11-07,Stockholm,0,Bygglov,17.9540726511102,59.289451799894636
138591,Järnbalken 15,K837701/25,2025-11-07,Stockholm,0,Bygglov,17.932546615600586,59.364675521850586
138598,Stig 2,K837744/25,2025-11-07,Stockholm,0,Bygglov,17.905427412553266,59.37803233753551
138601,Minken 13,K837756/25,2025-11-07,Stockholm,0,Bygglov,17.921527304300447,59.37016212649462
138610,MARKNADEN 11,K837622/25,2025-11-07,Täby,0,Bygglov,18.071070141262478,59.44713592529297
138615,Skeppsholmsviken 6,K837667/25,2025-11-07,Stockholm,0,Bygglov,18.09459137916565,59.32490110397339
138616,Tjockö 1,K837688/25,2025-11-07,Stockholm,0,Bygglov,18.11496153331938,59.236763182140535
138619,DAHLIA 13,K838629/25,2025-11-07,Lidingö,0,Bygglov,18.12710690498352,59.3716356754303
138634,SKÄGGLAVEN 1,K837949/25,2025-11-07,Solna,0,Bygglov,17.98453691270616,59.36751471625434
138646,Provisorn 4,K838099/25,2025-11-07,Stockholm,0,Bygglov,18.062848620944553,59.342269049750435
138648,Muffen 2,K837814/25,2025-11-07,Stockholm,0,Bygglov,17.954460817224838,59.283781837014594
138659,Nebulosan 13,K837711/25,2025-11-07,Stockholm,0,Bygglov,18.047321955362957,59.34148661295573
138686,SMYGVINKELN 5,K837637/25,2025-11-07,Täby,0,Bygglov,18.127840042114258,59.46803283691406
138691,MOROTEN 1,K837950/25,2025-11-07,Solna,0,Bygglov,17.979889225315404,59.349602364205026
138697,Danmark 2,K838123/25,2025-11-07,Stockholm,0,Bygglov,17.94422185080392,59.403339222499305
138706,STENHÖGA 4,K837999/25,2025-11-07,Solna,0,Bygglov,17.980174312591554,59.3563028717041
138726,Sandberget 9,K838131/25,2025-11-07,Stockholm,0,Bygglov,18.05772726876395,59.3442622593471
138727,ROSLAGS-NÄSBY 5:48,K837603/25,2025-11-07,Täby,0,Bygglov,18.059595346450806,59.43193817138672
138730,Gångaren 12,K838139/25,2025-11-07,Stockholm,0,Bygglov,18.020547054432058,59.33434557031702
138733,VITSIPPAN 3,K837617/25,2025-11-07,Täby,0,Bygglov,18.067405700683594,59.42717666625977
138734,Barnavännerna 1,K837642/25,2025-11-07,Stockholm,0,Bygglov,17.939927842881943,59.290383656819664
138738,Kejsaren 10,K837687/25,2025-11-07,Stockholm,0,Bygglov,18.07471752166748,59.31732940673828
138743,Reykjavik 1,K837912/25,2025-11-07,Stockholm,0,Bygglov,17.942123749676874,59.40635456758387
138747,MARKNADEN 8,K837645/25,2025-11-07,Täby,0,Bygglov,18.072177410125732,59.44638729095459
138748,EKEBYHOV 1:1,K837657/25,2025-11-07,Ekerö,1,Rivningslov,17.84155701129106,59.27921302405587
138754,Sjöstugan 63,K838059/25,2025-11-07,Stockholm,0,Bygglov,17.99138863881429,59.31782341003418
138763,Laxöringen 16,K837636/25,2025-11-07,Stockholm,0,Bygglov,18.080346870422364,59.33769264221191
138767,Selfoss 4,K837669/25,2025-11-07,Stockholm,0,Bygglov,17.944512128829956,59.407443046569824
138778,EDSBERG 10:8,K837988/25,2025-11-07,Sollentuna,0,Bygglov,17.96450424194336,59.443321228027344
138780,RESEDAN 12,K837994/25,2025-11-07,Solna,0,Bygglov,17.986031532287598,59.36380958557129
138825,ÅSKÅDAREN 1,K842617/25,2025-11-10,Solna,0,Bygglov,18.003638203938802,59.380139414469404
138847,Tyrannen 14,K842638/25,2025-11-10,Stockholm,0,Bygglov,18.007684898376464,59.2788890838623
138857,HUVUDSTA 3:1,K842751/25,2025-11-10,Solna,0,Bygglov,17.984410762786865,59.35675938924154
138860,LÄDERSÄTTRA 1:24,K842781/25,2025-11-10,Järfälla,0,Bygglov,17.81988210027868,59.45119680057872
138863,VEDDESTA 2:1,K842795/25,2025-11-10,Järfälla,0,Bygglov,17.85964012145996,59.4078607866841
138867,LÄDERSÄTTRA 2:18,K842842/25,2025-11-10,Järfälla,0,Bygglov,17.817154610373755,59.451288299560545
138887,INSKRIVNINGEN 1,K842530/25,2025-11-10,Solna,0,Bygglov,17.99072723388672,59.38005905151367
138888,BANKEN 15,K842713/25,2025-11-10,Solna,0,Bygglov,18.0012777920427,59.3590680484114
138891,SJUKHUSET 17,K842902/25,2025-11-10,Danderyd,0,Bygglov,18.040654373168945,59.38739929199219
138906,BARKARBY 2:41,K842291/25,2025-11-10,Järfälla,0,Bygglov,17.865668932596844,59.412729263305664
138909,STENHÖGA 6,K842733/25,2025-11-10,Solna,0,Bygglov,17.976593653361004,59.35695601954605
138918,BEFÄSTNINGSKULLEN 9,K842151/25,2025-11-10,Solna,0,Bygglov,18.01076784133911,59.371975898742676
138935,FÖRRÅDET 2,K842263/25,2025-11-10,Sundbyberg,0,Bygglov,17.96417236328125,59.35873317718506
138942,FREDEN STÖRRE 20,K842281/25,2025-11-10,Sundbyberg,0,Bygglov,17.967923745876405,59.377596599299736
138944,FJORDEN 8,K842544/25,2025-11-10,Solna,0,Bygglov,18.01532006263733,59.36299705505371
138945,GENERALEN 2,K842566/25,2025-11-10,Solna,0,Bygglov,18.000836181640626,59.34716796875
138947,KALLHÄLL 1:86,K842814/25,2025-11-10,Järfälla,0,Bygglov,17.807675298055013,59.45317662556966
138948,LINOLJAN 14,K842846/25,2025-11-10,Huddinge,0,Bygglov,17.96355370112828,59.24480928693499
138949,LINOLJAN 27,K842846/25,2025-11-10,Huddinge,0,Bygglov,17.963847086979793,59.244751563439
138950,VIKSJÖ 2:179,K842853/25,2025-11-10,Järfälla,0,Bygglov,17.799601128760806,59.41416752592046
139048,RÅGEN 10,K846392/25,2025-11-11,Solna,0,Bygglov,18.03865604400635,59.377598190307616
139073,STIGBYGELN 5,K845919/25,2025-11-11,Solna,0,Bygglov,18.01158790588379,59.367235565185545
139074,BLADET 2,K845929/25,2025-11-11,Solna,0,Bygglov,18.03304712395919,59.3793352361311
139077,ROSENBORG 2,K845931/25,2025-11-11,Solna,0,Bygglov,18.013997236887615,59.37533060709635
139089,UARDA 7,K846042/25,2025-11-11,Solna,0,Bygglov,18.001535097757976,59.369441986083984
139110,ORREN 3,K846023/25,2025-11-11,Huddinge,0,Bygglov,18.00957236971174,59.25221620287214
139126,HANTVERKET 1,K846121/25,2025-11-11,Botkyrka,0,Bygglov,17.92241803337546,59.208110584932214
139128,GRIMSTA 5:557,K846139/25,2025-11-11,Upplands väsby,0,Bygglov,17.932033411661784,59.4967768351237
139132,HUNDEN 13,K846299/25,2025-11-11,Huddinge,0,Bygglov,17.999138968331472,59.24772589547293
139138,EKSTUBBEN 16,K846223/25,2025-11-11,Sollentuna,0,Bygglov,17.949723293906764,59.443176001833194
139145,ÄLTA 71:8,K845936/25,2025-11-11,Nacka,0,Bygglov,18.171580450875418,59.27473940168108
139149,SICKLAÖN 37:81,K845962/25,2025-11-11,Nacka,0,Bygglov,18.12306074662642,59.316040385853164
139169,JAKOBSBERG 2:2258,K846385/25,2025-11-11,Järfälla,0,Bygglov,17.82275104522705,59.425163064684185
139173,KORPRALEN 2,K845922/25,2025-11-11,Solna,0,Bygglov,18.000233932777686,59.34985980281123
139177,VEDDESTA 5:4,K846001/25,2025-11-11,Järfälla,0,Bygglov,17.822927474975586,59.40893349280724
139191,BJÖRNJAKTEN 1,K846384/25,2025-11-11,Danderyd,0,Bygglov,18.04672686258952,59.401976691352
139197,JAKOBSBERG 2:84,K845981/25,2025-11-11,Järfälla,0,Bygglov,17.842494010925293,59.432775020599365
139201,ALBY 15:63,K846090/25,2025-11-11,Botkyrka,0,Bygglov,17.8574161529541,59.230874633789064
139202,TYGELN 1,K845926/25,2025-11-11,Solna,0,Bygglov,18.010605070326065,59.36694081624349
139212,MÖLNAHÄLLEN 2,K846485/25,2025-11-11,Lidingö,0,Bygglov,18.192948477608816,59.34103175571987
139322,MUNIN 13,K850691/25,2025-11-12,Danderyd,0,Bygglov,18.08692512512207,59.41154594421387
139331,SEPARATORN 1,K850034/25,2025-11-12,Huddinge,0,Bygglov,17.954199473063152,59.21888049443563
139358,ALBYGÅRD 2,K850649/25,2025-11-12,Solna,0,Bygglov,17.995999972025555,59.35511144002279
139368,SKATTEGÅRDEN 3,K850553/25,2025-11-12,Sundbyberg,0,Bygglov,17.95171356201172,59.38548342386881
139384,BADMÄSTAREN 4,K850011/25,2025-11-12,Huddinge,0,Bygglov,17.971413803100585,59.26152420043945
139409,BACKSTUGAN 6,K850514/25,2025-11-12,Sundbyberg,0,Bygglov,17.95280876159668,59.38497467041016
139414,KLÖVERN 1,K850623/25,2025-11-12,Botkyrka,0,Bygglov,17.830706490410698,59.24765205383301
139433,Krukomakaren 7,K850388/25,2025-11-12,Stockholm,0,Bygglov,18.046326279640198,59.31607913970947
139435,Verdandi 39,K850647/25,2025-11-12,Stockholm,0,Bygglov,18.03792158762614,59.34319814046224
139441,STUVSTA GÅRD 1:54,K850147/25,2025-11-12,Huddinge,0,Bygglov,18.015494659320026,59.242319555996225
139442,KALLAN 8,K850147/25,2025-11-12,Huddinge,0,Bygglov,18.01059341430664,59.23941612243652
139443,HANDBOLLEN 4,K850147/25,2025-11-12,Huddinge,0,Bygglov,18.00915660858154,59.23984247843425
139444,KALLAN 7,K850147/25,2025-11-12,Huddinge,0,Bygglov,18.010021209716797,59.23900680541992
139445,HANDBOLLEN 3,K850147/25,2025-11-12,Huddinge,0,Bygglov,18.00739368172579,59.24124704405319
139479,TUMBA 7:239,K850449/25,2025-11-12,Botkyrka,0,Bygglov,17.826928547450475,59.20143781389509
139503,Ridaranka 5,K850667/25,2025-11-12,Stockholm,0,Bygglov,17.955915133158367,59.325764973958336
139509,Årsta 1:1,K850506/25,2025-11-12,Stockholm,0,Bygglov,18.027187824249268,59.28763675689697
139517,HAGA 4:18,K850528/25,2025-11-12,Solna,0,Bygglov,18.032950588635035,59.35161134174892
139518,HAGA 4:35,K850528/25,2025-11-12,Solna,0,Bygglov,18.020701164894916,59.35010287778597
139555,Stettin 9,K855206/25,2025-11-13,Stockholm,0,Bygglov,18.11205177307129,59.34098663330078
139561,BARKARBY 2:2,K855063/25,2025-11-13,Järfälla,0,Bygglov,17.861835077160695,59.41247764180918
139563,VEDDESTA 1:27,K855076/25,2025-11-13,Järfälla,0,Bygglov,17.85022211074829,59.401373863220215
139575,Blekholmen 2,K855280/25,2025-11-13,Stockholm,0,Bygglov,18.051667985462007,59.33209955124628
139580,VILDAPELN 2,K854764/25,2025-11-13,Danderyd,0,Bygglov,18.029473876953126,59.40876007080078
139581,VILDAPELN 1,K854764/25,2025-11-13,Danderyd,0,Bygglov,18.029906845092775,59.40945625305176
139584,SLUPEN 6,K855204/25,2025-11-13,Sollentuna,0,Bygglov,17.949257532755535,59.4412653181288
139585,Akalla 4:1,K855215/25,2025-11-13,Stockholm,0,Bygglov,17.911022989373457,59.416881360505755
139588,Blekholmen 1,K855291/25,2025-11-13,Stockholm,0,Bygglov,18.052961794535317,59.330472246805826
139592,Bygeln 6,K854767/25,2025-11-13,Stockholm,0,Bygglov,18.025952974955242,59.25680669148763
139600,Kylhuset 25,K854752/25,2025-11-13,Stockholm,0,Bygglov,18.075791931152345,59.29247512817383
139607,Liggmilan 3,K854656/25,2025-11-13,Stockholm,0,Bygglov,18.011143135301996,59.26750564575195
139611,Urvädersklippan Större 1,K854712/25,2025-11-13,Stockholm,0,Bygglov,18.071658815656388,59.31836209978376
139618,Jerusalem 2,K854861/25,2025-11-13,Stockholm,0,Bygglov,17.99875477382115,59.334382738385884
139625,Dansösen 1,K854944/25,2025-11-13,Stockholm,0,Bygglov,17.962517193385533,59.2853148324149
139639,Förrådet 2,K855074/25,2025-11-13,Stockholm,1,Rivningslov,17.86109041284632,59.373510148790146
139640,Simpan 44,K855086/25,2025-11-13,Stockholm,0,Bygglov,17.98329496383667,59.2786660194397
139641,Blåmannen 20,K855093/25,2025-11-13,Stockholm,0,Bygglov,18.06012717537258,59.332749739937164
139649,NATTVAKTEN 2,K855196/25,2025-11-13,Sollentuna,0,Bygglov,17.921299828423393,59.460259755452476
139650,Korintkakan 1,K855170/25,2025-11-13,Stockholm,0,Bygglov,18.107612991333006,59.25851043701172
139652,VINKELJÄRNET 5,K855176/25,2025-11-13,Sollentuna,0,Bygglov,17.902175521850587,59.464195251464844
139655,Mullvadsberget 29,K855268/25,2025-11-13,Stockholm,0,Bygglov,18.04470270330256,59.31703925855232
139662,Gångaren 20,K855293/25,2025-11-13,Stockholm,0,Bygglov,18.01659691852072,59.33462010259213
139663,Fatbursviken 2,K854888/25,2025-11-13,Stockholm,0,Bygglov,18.06378443100873,59.31334910673254
139679,Jordbruksministern 3,K854603/25,2025-11-13,Stockholm,0,Bygglov,18.126614888509113,59.282402674357094
139689,MATROSEN 10,K854768/25,2025-11-13,Huddinge,0,Bygglov,17.992538452148438,59.250576655069985
139691,TROSSEN 1,K854804/25,2025-11-13,Täby,0,Bygglov,18.09051012992859,59.426815032958984
139697,Örby 4:1,K854905/25,2025-11-13,Stockholm,0,Bygglov,18.04752504652825,59.25454700856969
139699,Torsö 4,K854727/25,2025-11-13,Stockholm,0,Bygglov,18.08889389038086,59.24578065138597
139701,VINKELN 8,K854778/25,2025-11-13,Huddinge,0,Bygglov,17.91848546808416,59.26755419644442
139702,Fältöversten 7,K854792/25,2025-11-13,Stockholm,0,Bygglov,18.090834690974308,59.33920258742113
139712,SKÄLBY 3:554,K855045/25,2025-11-13,Järfälla,0,Bygglov,17.85209903717041,59.397248077392575
139718,TULLINGE 19:171,K855158/25,2025-11-13,Botkyrka,0,Bygglov,17.886521911621095,59.20641962687174
139721,Riskan 20,K854691/25,2025-11-13,Stockholm,0,Bygglov,18.07787275314331,59.27847242355347
139722,Hjulnavet 6,K854697/25,2025-11-13,Stockholm,0,Bygglov,18.028334935506184,59.271339416503906
139726,Callisto 2,K855199/25,2025-11-13,Stockholm,0,Bygglov,18.074254035949707,59.3240665435791
139730,JUVENALEN 4,K855251/25,2025-11-13,Solna,0,Bygglov,18.000393019782173,59.36727322472466
139731,Skravelberget Större 1,K855274/25,2025-11-13,Stockholm,0,Bygglov,18.07652258872986,59.334176540374756
139740,Södermalm 6:34,K854757/25,2025-11-13,Stockholm,0,Bygglov,18.07203826904297,59.319889068603516
139749,Storseglet 3,K854586/25,2025-11-13,Stockholm,0,Bygglov,17.998134401109482,59.316820780436196
139762,DUVAN 2,K854721/25,2025-11-13,Huddinge,0,Bygglov,18.007452328999836,59.25714111328125
139763,LÄDERLAPPEN 4,K854722/25,2025-11-13,Huddinge,1,Rivningslov,17.955018361409504,59.27043151855469
139766,Farsta 2:1,K854788/25,2025-11-13,Stockholm,0,Bygglov,18.09352403512099,59.24792049777123
139767,SJÖÄNGEN 2:2,K854790/25,2025-11-13,Huddinge,0,Bygglov,18.1455441792806,59.236934916178384
139769,Höskullen 2,K854880/25,2025-11-13,Stockholm,0,Bygglov,18.079287120274135,59.28181893484933
139772,Eldhunden 4,K854540/25,2025-11-13,Stockholm,0,Bygglov,17.96347802480062,59.33455746968587
139781,SICKLAÖN 14:1,K854527/25,2025-11-13,Nacka,0,Bygglov,18.161360422770183,59.316920598347984
139783,Fatbursviken 2,K855114/25,2025-11-13,Stockholm,0,Bygglov,18.06378443100873,59.31334910673254
139785,SÅSTA 3:1,K854574/25,2025-11-13,Täby,0,Bygglov,18.035286395135753,59.48206327061453
139787,GULLTRAVEN 1,K854582/25,2025-11-13,Lidingö,0,Bygglov,18.169658966064453,59.34652854919434
139831,SICKLAÖN 14:1,K859157/25,2025-11-14,Nacka,0,Bygglov,18.161360422770183,59.316920598347984
139833,Sandsborg 19,K859033/25,2025-11-14,Stockholm,0,Bygglov,18.094502329826355,59.280298709869385
139835,STENKVISTA 4,K859076/25,2025-11-14,Sundbyberg,0,Bygglov,17.972164630889893,59.36341905593872
139838,Förkunnelsen 1,K858834/25,2025-11-14,Stockholm,0,Bygglov,17.967283248901367,59.28515686035156
139843,Cadmus 2,K858845/25,2025-11-14,Stockholm,0,Bygglov,18.073310089111327,59.3223258972168
139873,TÄBY KYRKBY 26:1,K858829/25,2025-11-14,Täby,0,Bygglov,18.067514883505332,59.49194160667626
139875,KÄLLBRINK 1:168,K858836/25,2025-11-14,Huddinge,0,Bygglov,17.948506927490236,59.250382614135745
139877,JUPITER 3,K858858/25,2025-11-14,Täby,0,Bygglov,18.074955940246582,59.43934347970145
139878,Örby 4:1,K858862/25,2025-11-14,Stockholm,0,Bygglov,18.04752504652825,59.25454700856969
139880,Masken 52,K858878/25,2025-11-14,Stockholm,0,Bygglov,18.08237543973056,59.30770492553711
139893,Skoveln 1,K858892/25,2025-11-14,Stockholm,0,Bygglov,17.84726987566267,59.37289047241211
139906,BESMANET 7,K858701/25,2025-11-14,Täby,0,Bygglov,18.13406577477088,59.46235774113582
139907,HÄMPLINGEN 16,K858731/25,2025-11-14,Sundbyberg,2,Marklov,17.950056076049805,59.37024002075195
139908,Sånglärkan 11,K858912/25,2025-11-14,Stockholm,0,Bygglov,18.0680030186971,59.34537887573242
139913,Spelbomskan 16,K858772/25,2025-11-14,Stockholm,0,Bygglov,18.054973602294922,59.34326726740057
139916,Heimdall 13,K858780/25,2025-11-14,Stockholm,0,Bygglov,18.046725273132324,59.3449764251709
139923,KYRKBYN 4:3,K859131/25,2025-11-14,Järfälla,0,Bygglov,17.875786542892456,59.40873336791992
139924,SKJUTMÅTTET 2,K859138/25,2025-11-14,Täby,0,Bygglov,18.12243862809806,59.46544463058998
139925,LÄDERSÄTTRA 3:1,K859147/25,2025-11-14,Järfälla,0,Bygglov,17.81299082438151,59.45252545674642
139935,Huvan 3,K858823/25,2025-11-14,Stockholm,0,Bygglov,17.99862747192383,59.28105773925781
139942,Fredsfors 15,K858972/25,2025-11-14,Stockholm,0,Bygglov,17.957123496315695,59.359535217285156
139954,JAKOBSBERG 2:2583,K858726/25,2025-11-14,Järfälla,0,Bygglov,17.83098323528583,59.41879595243014
139955,Trollhättan 33,K858728/25,2025-11-14,Stockholm,0,Bygglov,18.06705951690674,59.33131504058838
139959,Södersjukhuset 10,K858908/25,2025-11-14,Stockholm,0,Bygglov,18.05619035307894,59.30903806391451
139960,DRAGONEN 1,K859141/25,2025-11-14,Solna,1,Rivningslov,17.993215387517754,59.37965705178001
139966,RÅSUNDA 2:23,K858869/25,2025-11-14,Solna,0,Bygglov,18.000483448286932,59.367245115606906
139969,SKÄLBY 3:769,K859136/25,2025-11-14,Järfälla,0,Bygglov,17.84629511833191,59.39578437805176
139970,KALLHÄLL 6:162,K859155/25,2025-11-14,Järfälla,0,Bygglov,17.81101029007523,59.45587704505449
139973,Lindbacken 6,K859179/25,2025-11-14,Stockholm,0,Bygglov,18.053105036417644,59.33658790588379
139974,Örby 4:1,K858940/25,2025-11-14,Stockholm,0,Bygglov,18.04752504652825,59.25454700856969
139978,Oporto 6,K859308/25,2025-11-14,Stockholm,0,Bygglov,18.109625680106028,59.34534345354353
140004,Teddybjörnen 5,K858768/25,2025-11-14,Stockholm,0,Bygglov,17.95616760253906,59.318913269042966
140007,PROPELLERN 1,K859142/25,2025-11-14,Täby,0,Bygglov,18.120520183018275,59.44893591744559
140008,Åkeshov 1:1,K859143/25,2025-11-14,Stockholm,0,Bygglov,17.944985580444335,59.34051513671875
140010,ULRIKSDAL 2:3,K859165/25,2025-11-14,Solna,0,Bygglov,18.017989386499455,59.37823709133452
140030,Bergsgruvan Större 9,K862880/25,2025-11-17,Stockholm,0,Bygglov,18.06117973327637,59.31522903442383
140035,Trängkåren 6,K862829/25,2025-11-17,Stockholm,0,Bygglov,18.017319930227178,59.327411450837786
140047,Södermalm 7:87,K862645/25,2025-11-17,Stockholm,0,Bygglov,18.076572500544486,59.317814888714025
140051,Avdragaren 4,K863223/25,2025-11-17,Stockholm,0,Bygglov,17.98471279144287,59.3008617401123
140067,BÅTSMAN HERSBERG 4,K862732/25,2025-11-17,Lidingö,0,Bygglov,18.16988648308648,59.36223687065972
140073,Södermalm 6:38,K862760/25,2025-11-17,Stockholm,0,Bygglov,18.0717342376709,59.319847106933594
140080,Rockan 47,K862871/25,2025-11-17,Stockholm,0,Bygglov,17.991536882188583,59.27368291219076
140081,TUREBERG 29:54,K862897/25,2025-11-17,Sollentuna,0,Bygglov,17.95223405626085,59.433245764838325
140087,Hillebarden 22,K862935/25,2025-11-17,Stockholm,0,Bygglov,18.003830167982315,59.27794477674696
140128,BARKARBY 2:60,K862875/25,2025-11-17,Järfälla,0,Bygglov,17.869939140651535,59.41492163616678
140132,Ulvsunda 1:1,K862993/25,2025-11-17,Stockholm,1,Rivningslov,17.941941833496095,59.33416061401367
140145,ÖSTLIDEN 2,K863370/25,2025-11-17,Botkyrka,0,Bygglov,17.906452814737957,59.20682907104492
140157,Brevvågen 2,K863311/25,2025-11-17,Stockholm,0,Bygglov,17.882264909290132,59.3636105855306
140160,Årsta 1:1,K862965/25,2025-11-17,Stockholm,0,Bygglov,18.027187824249268,59.28763675689697
140162,TUMBA 7:150,K863007/25,2025-11-17,Botkyrka,0,Bygglov,17.847274107091568,59.20047445858226
140170,GRÖNFINKEN 1,K863384/25,2025-11-17,Solna,0,Bygglov,17.992542266845703,59.34977416992187
140190,Cellisten 10,K863279/25,2025-11-17,Stockholm,0,Bygglov,17.982331037521362,59.26292324066162
140195,Dragningslistan 7,K863106/25,2025-11-17,Stockholm,0,Bygglov,17.979775924682617,59.2988069152832
140200,Norra Djurgården 1:1,K863295/25,2025-11-17,Stockholm,0,Bygglov,18.1173671219084,59.33360709084405
140211,Blästern 6,K862971/25,2025-11-17,Stockholm,0,Bygglov,18.03562409537179,59.346353258405415
140212,Jakob Större 18,K862986/25,2025-11-17,Stockholm,0,Bygglov,18.069255631545495,59.33084540531553
140217,Örby 4:1,K863005/25,2025-11-17,Stockholm,0,Bygglov,18.04752504652825,59.25454700856969
140226,Rådjuret 20,K863299/25,2025-11-17,Stockholm,0,Bygglov,18.08163595199585,59.34073448181152
140231,Spelbomskan 9,K863306/25,2025-11-17,Stockholm,1,Rivningslov,18.051609420776366,59.342770385742185
140241,Ladugårdsgärdet 1:4,K863367/25,2025-11-17,Stockholm,0,Bygglov,18.12267451816135,59.34203823701835
140258,Kolet 3,K862768/25,2025-11-17,Stockholm,0,Bygglov,17.959956804911297,59.332664489746094
140263,Spinnsidan 3,K863003/25,2025-11-17,Stockholm,0,Bygglov,18.033624172210693,59.28663857777914
140271,Vågskvalpet 1,K870252/25,2025-11-18,Stockholm,0,Bygglov,18.11283991071913,59.30437088012695
140281,Härden 15,K870268/25,2025-11-18,Stockholm,0,Bygglov,18.03872435433524,59.34738104684012
140282,Lotsen 16,K870271/25,2025-11-18,Stockholm,0,Bygglov,18.093311309814453,59.314700671604704
140291,Jarlen 1,K870230/25,2025-11-18,Stockholm,0,Bygglov,17.893248558044434,59.34812990824381
140308,Silverskopan 3,K870255/25,2025-11-18,Stockholm,0,Bygglov,18.04429083604079,59.33744298494779
140309,Grundverket 1,K870259/25,2025-11-18,Stockholm,0,Bygglov,18.058966772896902,59.2742805480957
140317,BERGSHAMRA 3:1,K870297/25,2025-11-18,Solna,0,Bygglov,18.031690554672412,59.37826340921809
140321,Norra Djurgården 1:1,K870273/25,2025-11-18,Stockholm,0,Bygglov,18.1173671219084,59.33360709084405
140322,Brevvågen 2,K870275/25,2025-11-18,Stockholm,0,Bygglov,17.882264909290132,59.3636105855306
140323,Vårdträdet 2,K870277/25,2025-11-18,Stockholm,0,Bygglov,17.895172936575754,59.358289446149556
140328,DANDERYD 2:143,K867160/25,2025-11-18,Danderyd,0,Bygglov,18.03386510213216,59.418566131591795
140329,Tvålflingan 8,K870282/25,2025-11-18,Stockholm,0,Bygglov,18.000482082366943,59.29710235595703
140330,Kadetten 9,K870256/25,2025-11-18,Stockholm,0,Bygglov,18.029271443684895,59.342390060424805
140331,Bondetorpet 31,K870257/25,2025-11-18,Stockholm,0,Bygglov,18.07961654663086,59.312016010284424
140339,Torsö 5,K870239/25,2025-11-18,Stockholm,0,Bygglov,18.088524650124942,59.24437354592716
140340,Piggvaren 19,K870243/25,2025-11-18,Stockholm,0,Bygglov,17.995271682739258,59.277831395467125
140379,Neptunus 25,K870266/25,2025-11-18,Stockholm,0,Bygglov,18.086505508422853,59.335723876953125
140383,Källvreten 8,K870281/25,2025-11-18,Stockholm,0,Bygglov,18.103624119478113,59.247420142678656
140386,Stamtavlan 8,K870226/25,2025-11-18,Stockholm,0,Bygglov,18.04115168253581,59.284756342569985
140387,Sömmen 1,K870253/25,2025-11-18,Stockholm,0,Bygglov,17.93506167485164,59.3387216421274
140388,Katthavet 8,K870262/25,2025-11-18,Stockholm,0,Bygglov,18.07392546471129,59.33219422685339
140389,Ladugårdsbron 14,K870265/25,2025-11-18,Stockholm,0,Bygglov,18.076077981428668,59.33104220303622
140390,Marieberg 1:29,K870274/25,2025-11-18,Stockholm,0,Bygglov,18.01395652963103,59.32628723528745
140411,Liljeholmen 1:1,K870272/25,2025-11-18,Stockholm,0,Bygglov,18.020688772201538,59.307982444763184
140414,Skålen 30,K870263/25,2025-11-18,Stockholm,0,Bygglov,18.031778812408447,59.34507179260254
140415,SOLVENTILEN 2,K867056/25,2025-11-18,Lidingö,0,Bygglov,18.156791263156467,59.343087090386284
140433,Oxhuvudet 18,K870231/25,2025-11-18,Stockholm,0,Bygglov,18.064318588801793,59.33592210497175
140434,Brännaren 8,K870234/25,2025-11-18,Stockholm,0,Bygglov,18.084091504414875,59.33857345581055
140435,Cyprianus 7,K870237/25,2025-11-18,Stockholm,0,Bygglov,17.913149642944337,59.36546783447265
140436,Katthuvudet 27,K870247/25,2025-11-18,Stockholm,0,Bygglov,18.061832972935267,59.31998661586216
140444,Älgen 24,K870217/25,2025-11-18,Stockholm,0,Bygglov,18.079078674316406,59.34251327514649
140445,Riddaren 5,K870218/25,2025-11-18,Stockholm,0,Bygglov,18.0770601272583,59.33520240783692
140446,Svenska Högarna 3,K870222/25,2025-11-18,Stockholm,0,Bygglov,18.113933308919272,59.282029724121095
140447,Dragningslistan 6,K870261/25,2025-11-18,Stockholm,0,Bygglov,17.982210397720337,59.298781871795654
140452,MARS 2,K866589/25,2025-11-18,Täby,0,Bygglov,18.073471069335938,59.44318628311157
140454,VIDJA 1:697,K866776/25,2025-11-18,Huddinge,0,Bygglov,18.067959104265487,59.200778416224885
140465,Erland 8,K870224/25,2025-11-18,Stockholm,0,Bygglov,17.90684986114502,59.37743981679281
140466,Filmremsan 10,K870227/25,2025-11-18,Stockholm,0,Bygglov,18.055662790934246,59.26143836975098
140467,Nätdomaren 1,K870235/25,2025-11-18,Stockholm,0,Bygglov,17.98274323746965,59.332849966513145
140477,Lustgården 18,K870236/25,2025-11-18,Stockholm,0,Bygglov,18.01213607788086,59.338862609863284
140478,Loket 15,K870238/25,2025-11-18,Stockholm,0,Bygglov,18.039547814263237,59.338480631510414
140479,Reningsverket 1,K870241/25,2025-11-18,Stockholm,0,Bygglov,18.108386006848566,59.310495705440125
140480,Blompottan 3,K870245/25,2025-11-18,Stockholm,0,Bygglov,18.058170318603516,59.34261830647787
140483,Lage 10,K870279/25,2025-11-18,Stockholm,0,Bygglov,17.895746654934353,59.37489234076606
140484,Tullgården 2,K870280/25,2025-11-18,Stockholm,0,Bygglov,18.078422480616076,59.30605947560277
140485,Johannelund 4,K870284/25,2025-11-18,Stockholm,0,Bygglov,17.858538491385325,59.36937822614397
140490,KALVEN 1,K866569/25,2025-11-18,Täby,0,Bygglov,18.08101526896159,59.4481692843967
140491,TJUREN 1,K866569/25,2025-11-18,Täby,0,Bygglov,18.079237699508667,59.44804382324219
140492,STOET 1,K866569/25,2025-11-18,Täby,0,Bygglov,18.078054904937744,59.44760084152222
140493,FÅRET 1,K866569/25,2025-11-18,Täby,0,Bygglov,18.075499274513938,59.44678462635387
140494,FÖLET 1,K866569/25,2025-11-18,Täby,0,Bygglov,18.07642446245466,59.447256905691965
140496,Oxtungssvampen 12,K870248/25,2025-11-18,Stockholm,0,Bygglov,18.089785766601562,59.27569808959961
140498,Bondetorpet 31,K870269/25,2025-11-18,Stockholm,0,Bygglov,18.07961654663086,59.312016010284424
140499,Höken 16,K870270/25,2025-11-18,Stockholm,0,Bygglov,18.075452041625976,59.31258850097656
140509,TORPAREN 1,K866666/25,2025-11-18,Sollentuna,0,Bygglov,17.95059835910797,59.425060749053955
140513,Djurgården 1:35,K870225/25,2025-11-18,Stockholm,0,Bygglov,18.096919643345164,59.32335913359229
140514,Gångaren 13,K870229/25,2025-11-18,Stockholm,0,Bygglov,18.016730153283408,59.33596083175304
140517,Vasastaden 1:118,K870232/25,2025-11-18,Stockholm,0,Bygglov,18.053739327650803,59.34534542377178
140518,Smådalarö 1,K870244/25,2025-11-18,Stockholm,0,Bygglov,18.097336292266846,59.25080728530884
140524,Ormen Större 20,K870208/25,2025-11-18,Stockholm,0,Bygglov,18.062008721487864,59.31913103376116
140525,Måsholmen 15,K870211/25,2025-11-18,Stockholm,0,Bygglov,17.905312828395676,59.27450362495754
140529,Ombudsmannen 1,K870213/25,2025-11-18,Stockholm,0,Bygglov,17.879289627075195,59.3629653930664
140530,Stadshagen 1:1,K870216/25,2025-11-18,Stockholm,0,Bygglov,18.017370223999023,59.335169076919556
140531,Kolding 4,K870220/25,2025-11-18,Stockholm,0,Bygglov,17.948970703851607,59.39589545840309
140532,Rödtoppan 1,K870223/25,2025-11-18,Stockholm,1,Rivningslov,17.8517062664032,59.379416942596436
140546,Kulissen 10,K870732/25,2025-11-19,Stockholm,2,Marklov,17.895297731672013,59.33932222638811
140589,BALLONGBERGET 4,K870307/25,2025-11-19,Solna,2,Marklov,18.011105473836263,59.36834500630697
140618,SKÄLBY 3:1656,K870900/25,2025-11-19,Järfälla,0,Bygglov,17.854536480373806,59.39361996120877
140648,CAPELLA 1,K870504/25,2025-11-19,Botkyrka,0,Bygglov,17.90936675438514,59.21003767160269
140664,Kulissen 10,K870739/25,2025-11-19,Stockholm,2,Marklov,17.895297731672013,59.33932222638811
140665,MULLVADEN 1,K870754/25,2025-11-19,Lidingö,0,Bygglov,18.136146545410156,59.37458483378092
140666,FRANSTORP 5,K870757/25,2025-11-19,Sundbyberg,0,Bygglov,17.962986840142143,59.360240088568794
140668,DIKTEN 1,K870677/25,2025-11-19,Solna,0,Bygglov,17.986187775929768,59.359778881073
140671,SPRINTEN 3,K870711/25,2025-11-19,Danderyd,0,Bygglov,18.04244831630162,59.417166573660715
140674,NORDAN 24,K870705/25,2025-11-19,Solna,0,Bygglov,18.013060251871746,59.3622678120931
140680,REPLIKEN 1,K870401/25,2025-11-19,Sollentuna,0,Bygglov,17.867032114664713,59.479339090983075
140681,MIDGÅRDSORMEN 5,K870945/25,2025-11-19,Danderyd,0,Bygglov,18.082424799601238,59.39722442626953
140714,TULLINGE 16:214,K870584/25,2025-11-19,Botkyrka,0,Bygglov,17.89052745274135,59.22150148664202
140720,BJÖRKBACKEN 18,K870995/25,2025-11-19,Danderyd,0,Bygglov,18.02712849208287,59.40538024902344
140723,EKEBYHOV 1:532,K870717/25,2025-11-19,Ekerö,0,Bygglov,17.828418350219728,59.28498306274414
140752,SICKLAÖN 151:1,K870393/25,2025-11-19,Nacka,0,Bygglov,18.165815211054106,59.31018726861299
140753,TRAKTÖREN 14,K870399/25,2025-11-19,Sollentuna,0,Bygglov,17.949608666556223,59.42473275320871
140765,Kraftcentralen 2,K875623/25,2025-11-20,Stockholm,0,Bygglov,18.00058719090053,59.281861441476
140776,Orrsätra 5,K875545/25,2025-11-20,Stockholm,0,Bygglov,17.920082092285156,59.293494415283206
140781,VÅLBERGA 3:1,K875478/25,2025-11-20,Järfälla,0,Bygglov,17.871616722701432,59.39803400906649
140783,ARNINGE 4:20,K875504/25,2025-11-20,Täby,0,Bygglov,18.139349937438965,59.46792475382487
140786,ROSLAGS-NÄSBY 12:1,K875528/25,2025-11-20,Täby,0,Bygglov,18.062503178914387,59.428798039754234
140803,LÖTTINGE 9:17,K875533/25,2025-11-20,Täby,1,Rivningslov,18.099667358398438,59.47295939127604
140804,ACKORDET 1,K875567/25,2025-11-20,Solna,0,Bygglov,18.01815553144975,59.36426266756925
140821,Laken 9,K876137/25,2025-11-20,Stockholm,0,Bygglov,17.9831600189209,59.27823734283447
140822,Dorotea 16,K875798/25,2025-11-20,Stockholm,0,Bygglov,17.91056333269392,59.37102508544922
140842,Sverker 2,K875822/25,2025-11-20,Stockholm,0,Bygglov,17.91677303314209,59.37456359863281
140867,POLHEM 4:2,K876017/25,2025-11-20,Järfälla,0,Bygglov,17.837493225380225,59.44520717196994
140873,FJÖLNER 8,K875686/25,2025-11-20,Danderyd,0,Bygglov,18.050150871276855,59.413859844207764
140888,EKEN 5,K875549/25,2025-11-20,Täby,0,Bygglov,18.056251843770344,59.45471064249674
140894,LÄNNA 45:1,K875614/25,2025-11-20,Huddinge,0,Bygglov,18.135496251723346,59.21610215130974
140902,JAKOBSBERG 2:1963,K875561/25,2025-11-20,Järfälla,0,Bygglov,17.83030046735491,59.43417140415737
140907,Södermalm 2:1,K876045/25,2025-11-20,Stockholm,0,Bygglov,18.049881960349108,59.31596973964146
140912,HAGBY 8:15,K875813/25,2025-11-20,Täby,0,Bygglov,18.007143783569337,59.476687622070315
140915,Vinsta 5:1,K876106/25,2025-11-20,Stockholm,0,Bygglov,17.849962748534292,59.37450890507258
140938,Farsta 2:1,K876065/25,2025-11-20,Stockholm,0,Bygglov,18.09352403512099,59.24792049777123
140951,Spetsbergen 13,K876199/25,2025-11-20,Stockholm,0,Bygglov,18.100197110857284,59.32302474975586
140964,BALDERSHAGE 38,K875785/25,2025-11-20,Danderyd,0,Bygglov,18.08684574473988,59.39326303655451
140976,Drakenberg 16,K879857/25,2025-11-21,Stockholm,0,Bygglov,18.04039328438895,59.31573813302176
140977,NÖTEN 3,K879784/25,2025-11-21,Solna,0,Bygglov,17.97045358022054,59.35362930297852
140986,Älvsjö 1:1,K879843/25,2025-11-21,Stockholm,0,Bygglov,18.01952912547801,59.270564844112585
140990,Torgvågen 7,K880142/25,2025-11-21,Stockholm,0,Bygglov,18.061264038085938,59.33467407226563
141005,HUVUDSTA 3:1,K880201/25,2025-11-21,Solna,0,Bygglov,17.984410762786865,59.35675938924154
141017,LIDINGÖ 12:1,K880264/25,2025-11-21,Lidingö,0,Bygglov,18.19918864998614,59.36218580907705
141050,Kylrummet 2,K879891/25,2025-11-21,Stockholm,0,Bygglov,18.079547882080078,59.28950119018555
141053,Slipen 42,K879669/25,2025-11-21,Stockholm,0,Bygglov,18.02712849208287,59.317705971854075
141056,AGA 2,K880005/25,2025-11-21,Lidingö,0,Bygglov,18.15612251527848,59.3454895634805
141057,HUVUDSTA 3:1,K880007/25,2025-11-21,Solna,0,Bygglov,17.984410762786865,59.35675938924154
141070,Pumpstocken 10,K879823/25,2025-11-21,Stockholm,0,Bygglov,18.073316192626955,59.33463134765625
141075,Geten 29,K879898/25,2025-11-21,Stockholm,0,Bygglov,18.057008743286133,59.34686517715454
141076,TÖRNSKOGEN 4:50,K879870/25,2025-11-21,Sollentuna,1,Rivningslov,17.963055243858925,59.45641561654898
141078,Lilla Katrineberg 3,K879865/25,2025-11-21,Stockholm,0,Bygglov,18.026560034070695,59.311675207955496
141081,CIRKUSPLATSEN 3,K879869/25,2025-11-21,Sollentuna,0,Bygglov,17.953433643687855,59.42646026611328
141082,Understolen 10,K879887/25,2025-11-21,Stockholm,0,Bygglov,17.954754723442925,59.32474009195963
141103,SKEPPET 8,K879861/25,2025-11-21,Sollentuna,0,Bygglov,17.944413503011067,59.442647298177086
141109,Härden 14,K879930/25,2025-11-21,Stockholm,0,Bygglov,18.03948429652623,59.34630584716797
141125,Bysätra 1,K879814/25,2025-11-21,Stockholm,0,Bygglov,17.920431243048775,59.286763509114586
141143,Rosteriet 7,K879921/25,2025-11-21,Stockholm,0,Bygglov,18.023510660443986,59.311825616019114
141151,Murmästare-ämbetet 1,K880021/25,2025-11-21,Stockholm,0,Bygglov,17.9443846482497,59.287719139686
141153,PLANEN 3,K880234/25,2025-11-21,Solna,0,Bygglov,17.997898541964016,59.36388455904447
141166,Godsfinkan 1,K880466/25,2025-11-21,Stockholm,0,Bygglov,18.0952791595459,59.30324096679688
141168,Rosenbrödet 2,K880026/25,2025-11-21,Stockholm,0,Bygglov,18.115254720052082,59.258086903889975
141183,Vale 24,K879999/25,2025-11-21,Stockholm,0,Bygglov,18.051575183868408,59.346890926361084
141190,Karet 1,K879875/25,2025-11-21,Stockholm,0,Bygglov,18.023670196533203,59.310098012288414
141195,VIKSJÖ 2:177,K880379/25,2025-11-21,Järfälla,0,Bygglov,17.806022916521346,59.412998744419646
141198,Plymen 3,K880060/25,2025-11-21,Stockholm,0,Bygglov,17.965457113165606,59.28418049059416
141217,Lidingö 9:159,K884433/25,2025-11-24,Lidingö,0,Bygglov,18.153076050129343,59.35083537000291
141266,PYRUS 6,K884014/25,2025-11-24,Lidingö,0,Bygglov,18.12388580723813,59.367224843878496
141286,BJÖRKEBY 1:206,K883805/25,2025-11-24,Järfälla,0,Bygglov,17.8596989767892,59.39652524675642
141287,BJÖRKEBY 4:20,K883805/25,2025-11-24,Järfälla,0,Bygglov,17.85987445286342,59.396588461739675
141305,VEDDESTA 2:53,K884383/25,2025-11-24,Järfälla,0,Bygglov,17.822323753720237,59.40681639171782
141342,TUMSTOCKEN 9,K883917/25,2025-11-24,Täby,0,Bygglov,18.130692054485454,59.46238011327283
141354,NYBODA 9,K884246/25,2025-11-24,Solna,0,Bygglov,17.993856975010463,59.355852944510325
141359,SKYTTEHOLM 2:4,K884230/25,2025-11-24,Solna,0,Bygglov,17.992393956865584,59.3570652280535
141373,BÄCKGÅRDEN 9,K883888/25,2025-11-24,Huddinge,0,Bygglov,17.88233132795854,59.268416838212445
141428,NATIONALARENAN 4,K884312/25,2025-11-24,Solna,0,Bygglov,17.99900016784668,59.37121429443359
141461,FLUNDRAN 2,K887805/25,2025-11-25,Huddinge,0,Bygglov,17.984838485717773,59.23724555969238
141482,SICKLAÖN 13:140,K888082/25,2025-11-25,Nacka,0,Bygglov,18.164531435285294,59.31790433611189
141487,SICKLAÖN 83:57,K888112/25,2025-11-25,Nacka,0,Bygglov,18.126878160418887,59.30600981278853
141501,SICKLAÖN 40:11,K887620/25,2025-11-25,Nacka,0,Bygglov,18.134406676659218,59.31093890850361
141502,SICKLAÖN 348:1,K887620/25,2025-11-25,Nacka,0,Bygglov,18.15501935141427,59.308160236903596
141503,SICKLAÖN 146:4,K887620/25,2025-11-25,Nacka,0,Bygglov,18.15498447418213,59.30769944190979
141504,SICKLAÖN 104:2,K887628/25,2025-11-25,Nacka,0,Bygglov,18.135782368977864,59.30843794080946
141507,RODRET 14,K887714/25,2025-11-25,Botkyrka,0,Bygglov,17.906213336520725,59.20004569159614
141548,HANVIKEN 1:1,K887984/25,2025-11-25,Tyresö,0,Bygglov,18.197625160217285,59.234418869018555
141551,SJÖSKUMSPIPAN 12,K887852/25,2025-11-25,Sollentuna,0,Bygglov,18.00222225189209,59.4292667388916
141602,SKRUVEN 1,K888214/25,2025-11-25,Danderyd,0,Bygglov,18.039570172627766,59.415804386138916
141619,BALDERSHAGE 38,K888216/25,2025-11-25,Danderyd,0,Bygglov,18.08684574473988,59.39326303655451
141621,SKYTTEHOLM 2:2,K887648/25,2025-11-25,Solna,0,Bygglov,18.00480315629826,59.35724932648415
141624,VÅRDKASEN 1:49,K887674/25,2025-11-25,Huddinge,0,Bygglov,17.956008593241375,59.228668212890625
141629,SICKLAÖN 41:7,K887640/25,2025-11-25,Nacka,0,Bygglov,18.18076355333273,59.313833446171934
141630,SICKLAÖN 40:14,K887640/25,2025-11-25,Nacka,0,Bygglov,18.167221112932477,59.304355076381135
141650,SJÖHJÄLTEN 2,K888015/25,2025-11-25,Sollentuna,0,Bygglov,17.99923185868697,59.4261027249423
141722,Stureby 2:2,K891191/25,2025-11-26,Stockholm,0,Bygglov,18.06113166809082,59.2680419921875
141724,PLOGEN 3,K891685/25,2025-11-26,Danderyd,0,Bygglov,18.034698804219563,59.43388811747233
141744,DJURSHOLM 2:438,K891212/25,2025-11-26,Danderyd,0,Bygglov,18.04848976135254,59.42268295288086
141756,Sejlaren 7,K891293/25,2025-11-26,Stockholm,0,Bygglov,18.062381744384766,59.33606392996652
141757,Skären 3,K891308/25,2025-11-26,Stockholm,0,Bygglov,18.071693897247314,59.33414888381958
141760,Stureby 2:2,K891162/25,2025-11-26,Stockholm,0,Bygglov,18.06113166809082,59.2680419921875
141763,Kallsjön 1,K891204/25,2025-11-26,Stockholm,0,Bygglov,18.035752868652345,59.29757410685222
141768,SICKLAÖN 78:1,K891250/25,2025-11-26,Nacka,0,Bygglov,18.111931446620396,59.310386875697546
141775,LAGGEN 6,K891051/25,2025-11-26,Sollentuna,0,Bygglov,17.96934023770419,59.43783881447532
141776,GRIMSTA 5:557,K891121/25,2025-11-26,Upplands väsby,0,Bygglov,17.932002460255344,59.49680193732767
141787,BANKEN 9,K890955/25,2025-11-26,Solna,0,Bygglov,17.99925888909234,59.36058002048068
141788,ELDAREN 4,K891551/25,2025-11-26,Huddinge,0,Bygglov,17.982020060221355,59.25872294108073
141827,Nattugglan 15,K891624/25,2025-11-26,Stockholm,0,Bygglov,18.07287661234538,59.31367270151774
141840,GRIMSTA 5:76,K891127/25,2025-11-26,Upplands väsby,0,Bygglov,17.94117037455241,59.49211968315972
141856,SICKLAÖN 307:16,K891429/25,2025-11-26,Nacka,0,Bygglov,18.176071166992188,59.30340739658901
141872,ENBUSKEN 1,K891229/25,2025-11-26,Sollentuna,0,Bygglov,17.97455459833145,59.445542335510254
141905,Knoppen 23,K891774/25,2025-11-26,Stockholm,0,Bygglov,18.028653621673584,59.334242820739746
141907,Fatburen 1,K891689/25,2025-11-26,Stockholm,0,Bygglov,18.070910029941135,59.31437683105469
141916,Tranbodarne 11,K891141/25,2025-11-26,Stockholm,0,Bygglov,18.07326386191628,59.319415005770594
141954,Rotundan 1,K891720/25,2025-11-26,Stockholm,0,Bygglov,18.07600498199463,59.33834584554037
141955,Knäskålen 10,K891762/25,2025-11-26,Stockholm,0,Bygglov,17.908915758132935,59.35877084732056
141956,DJURSHOLM 2:444,K891787/25,2025-11-26,Danderyd,0,Bygglov,18.0453519821167,59.419456005096436
141979,Lidingö 4:219,K896531/25,2025-11-27,Lidingö,0,Bygglov,18.125356435775757,59.37413167953491
141983,SICKLAÖN 151:1,K896411/25,2025-11-27,Nacka,0,Bygglov,18.165815211054106,59.31018726861299
141984,VIKBY 11,K896455/25,2025-11-27,Lidingö,0,Bygglov,18.15432276044573,59.374251229422434
141985,VIKBY 10,K896455/25,2025-11-27,Lidingö,0,Bygglov,18.154291915893555,59.374333190917966
141988,Röda Rosen 5,K896324/25,2025-11-27,Stockholm,0,Bygglov,18.096497126988,59.34174510410854
142016,Takbjälken 1,K896711/25,2025-11-27,Stockholm,0,Bygglov,18.03407723563058,59.283025469098774
142017,Blästern 11,K896183/25,2025-11-27,Stockholm,0,Bygglov,18.03742000034877,59.34661946977888
142021,Adlern Mindre 36,K896758/25,2025-11-27,Stockholm,0,Bygglov,18.05080223083496,59.342344495985245
142023,Dalen 14,K896466/25,2025-11-27,Stockholm,0,Bygglov,18.09660186767578,59.287671915690105
142024,CONSTANTIA 7,K896470/25,2025-11-27,Lidingö,0,Bygglov,18.115278053283692,59.37042922973633
142025,DIAGONALEN 1,K896473/25,2025-11-27,Huddinge,0,Bygglov,17.92439319776452,59.267926257589586
142043,Bättringen 2,K896210/25,2025-11-27,Stockholm,0,Bygglov,17.89135079156785,59.363384973435174
142046,SVÄRDFISKEN 11,K896546/25,2025-11-27,Lidingö,0,Bygglov,18.104386647542317,59.38186391194662
142048,Domnarvet 4,K896554/25,2025-11-27,Stockholm,0,Bygglov,17.87614688873291,59.394416427612306
142053,Fålen 4,K896582/25,2025-11-27,Stockholm,0,Bygglov,17.949471473693848,59.36119222640991
142054,LAGERHÄGGEN 15,K896587/25,2025-11-27,Huddinge,0,Bygglov,17.956620352608816,59.2386725289481
142055,Elektra 23,K896591/25,2025-11-27,Stockholm,0,Bygglov,18.0119571685791,59.29512078421457
142056,Arholma 3,K896285/25,2025-11-27,Stockholm,0,Bygglov,18.092793296365176,59.29026570039637
142057,Kvarnvalsen 1,K896300/25,2025-11-27,Stockholm,0,Bygglov,17.934571838378908,59.38693389892578
142058,HÖGMORA 4:19,K896597/25,2025-11-27,Huddinge,0,Bygglov,18.037526057316708,59.23853037907527
142061,CONSTANTIA 4,K896613/25,2025-11-27,Lidingö,1,Rivningslov,18.114578808055203,59.3710506663603
142069,Norra Djurgården 1:1,K896673/25,2025-11-27,Stockholm,1,Rivningslov,18.1173671219084,59.33360709084405
142072,VINKELN 1,K896224/25,2025-11-27,Huddinge,0,Bygglov,17.92274398803711,59.2676944732666
142076,FREDEN STÖRRE 20,K896319/25,2025-11-27,Sundbyberg,0,Bygglov,17.967923745876405,59.377596599299736
142079,Ulvsunda 1:1,K896774/25,2025-11-27,Stockholm,0,Bygglov,17.941941833496095,59.33416061401367
142096,SÖDERMANLAND 38,K896639/25,2025-11-27,Lidingö,0,Bygglov,18.119912492468004,59.359724815855635
142097,Kyrktornet 5,K896657/25,2025-11-27,Stockholm,1,Rivningslov,17.912089920043947,59.35636215209961
142105,KANTARELLEN 4,K896881/25,2025-11-27,Lidingö,0,Bygglov,18.15179780813364,59.34990486731896
142126,Släggan 14,K896349/25,2025-11-27,Stockholm,0,Bygglov,18.03509407043457,59.315774536132814
142128,Årgången 1,K896358/25,2025-11-27,Stockholm,0,Bygglov,18.03329190340909,59.30639093572443
142129,SICKLAÖN 134:1,K896361/25,2025-11-27,Nacka,0,Bygglov,18.144502346332256,59.310486133282
142130,SICKLAÖN 41:7,K896361/25,2025-11-27,Nacka,0,Bygglov,18.18076355333273,59.313833446171934
142131,SICKLAÖN 134:21,K896361/25,2025-11-27,Nacka,0,Bygglov,18.15394866350785,59.31186135301312
142132,SICKLAÖN 40:14,K896361/25,2025-11-27,Nacka,0,Bygglov,18.167221112932477,59.304355076381135
142136,Gammelsmedjan 9,K896422/25,2025-11-27,Stockholm,0,Bygglov,18.09935760498047,59.28268241882324
142146,Kvarnberget 6,K896533/25,2025-11-27,Stockholm,0,Bygglov,17.927048683166504,59.38877868652344
142150,Bordduken 7,K896578/25,2025-11-27,Stockholm,0,Bygglov,17.94001791212294,59.338653564453125
142151,Primus 2,K896596/25,2025-11-27,Stockholm,0,Bygglov,18.00189208984375,59.32584686279297
142166,Tröskeln 6,K896750/25,2025-11-27,Stockholm,0,Bygglov,18.03453826904297,59.284934997558594
142167,Muttern 17,K896767/25,2025-11-27,Stockholm,0,Bygglov,18.036253929138184,59.318403244018555
142169,Karet 1,K896407/25,2025-11-27,Stockholm,0,Bygglov,18.023670196533203,59.310098012288414
142174,VEDDESTA 2:31,K896424/25,2025-11-27,Järfälla,0,Bygglov,17.836682633655826,59.410568144263294
142175,EKEBYHOV 1:519,K896450/25,2025-11-27,Ekerö,3,Förhandsbesked,17.83124542236328,59.284502029418945
142179,Sveaborg 2,K896542/25,2025-11-27,Stockholm,0,Bygglov,17.914713621139526,59.41620635986328
142191,Seglatsen 1,K896665/25,2025-11-27,Stockholm,0,Bygglov,18.08920612335205,59.30469226837158
142204,Skulderbladet 36,K896521/25,2025-11-27,Stockholm,0,Bygglov,17.916842142740887,59.35883013407389
142208,Hinden 23,K896907/25,2025-11-27,Stockholm,0,Bygglov,18.078728357950848,59.3404909769694
142210,Nikolaus 21,K896566/25,2025-11-27,Stockholm,0,Bygglov,17.908541870117187,59.3756591796875
142211,Getholmen 2,K896748/25,2025-11-27,Stockholm,0,Bygglov,17.90665276845296,59.273206075032554
142213,Dragonen 1,K896570/25,2025-11-27,Stockholm,0,Bygglov,18.08934268951416,59.34483337402344
142216,Torshamn 1,K896615/25,2025-11-27,Stockholm,0,Bygglov,17.94831962585449,59.40851364135742
142259,NATIONALARENAN 8,K900355/25,2025-11-28,Solna,0,Bygglov,18.004766913021314,59.36937825820025
142276,MENGLÖD 2,K900828/25,2025-11-28,Danderyd,0,Bygglov,18.064365785513353,59.41110303508702
142280,HERMELINEN 1,K900557/25,2025-11-28,Huddinge,0,Bygglov,18.007858530680338,59.250170135498045
142281,SLÄTTEN 1,K900894/25,2025-11-28,Botkyrka,0,Bygglov,17.90399932861328,59.206459522247314
142292,Räfsan 10,K900757/25,2025-11-28,Stockholm,0,Bygglov,18.08292007446289,59.30959625244141
142321,BYGGMÄSTAREN 4,K900378/25,2025-11-28,Solna,0,Bygglov,17.987030029296875,59.35774192810059
142337,PLANEN 3,K900375/25,2025-11-28,Solna,0,Bygglov,17.997898541964016,59.36388455904447
142340,Rökhuven 2,K901151/25,2025-11-28,Stockholm,0,Bygglov,18.040713787078857,59.264050006866455
142347,Godsfinkan 2,K901175/25,2025-11-28,Stockholm,0,Bygglov,18.094861805438995,59.30366289615631
142364,PLATÅN 23,K900353/25,2025-11-28,Solna,0,Bygglov,18.006122165256077,59.360664791531036
142365,BAGARTORP 19,K900358/25,2025-11-28,Solna,0,Bygglov,17.9972450949929,59.3787841796875
142367,VINNAREN 1,K900369/25,2025-11-28,Solna,0,Bygglov,18.00537109375,59.382627964019775
142370,HAGALUND 3:16,K900357/25,2025-11-28,Solna,0,Bygglov,18.0107808615032,59.36226383008455
142371,GRÖNLINGEN 26,K900362/25,2025-11-28,Solna,0,Bygglov,17.983163418977156,59.38642402317213
142380,Lux 4,K900627/25,2025-11-28,Stockholm,0,Bygglov,18.006154590182835,59.32252841525607
142386,GRÖNFINKEN 1,K900373/25,2025-11-28,Solna,0,Bygglov,17.992542266845703,59.34977416992187
142397,Årsta 1:1,K900758/25,2025-11-28,Stockholm,0,Bygglov,18.027187824249268,59.28763675689697
142403,SALLADEN 1,K900361/25,2025-11-28,Solna,0,Bygglov,17.982414699736097,59.354309990292506
142452,Liljeholmen 1:1,K900674/25,2025-11-28,Stockholm,0,Bygglov,18.020688772201538,59.307982444763184
142455,Enare 1,K900706/25,2025-11-28,Stockholm,0,Bygglov,17.92270501454671,59.421302795410156
142465,Isätra 1,K900811/25,2025-11-28,Stockholm,0,Bygglov,17.920386505126952,59.282485008239746
142470,Mikroskopet 2,K900607/25,2025-11-28,Stockholm,0,Bygglov,17.982844352722168,59.306939442952476
142472,SJÖBRISEN 185,K901034/25,2025-11-28,Sollentuna,0,Bygglov,17.998418426513673,59.43533020019531
142477,VINKELMÄTAREN 67,K901136/25,2025-11-28,Sollentuna,0,Bygglov,17.904889000786675,59.460547553168404
