municipality_clean,permit_count,simpson_index,shannon_index,foreign_born_pct,mean_income_sek,rental_share,owner_share,total_population,total_dwellings,permits_per_1000_pop,permits_per_1000_dwellings
Ale,11,0.3017631400523239,0.4791419456058192,0.1851692042162362,300934.05042224005,0.2728604923798358,0.7270662368112544,32446.0,13648.0,0.3390248412747334,0.805978898007034
Alingsås,20,0.2157069159105804,0.3728142692844727,0.1229767354065405,274516.9977820773,0.3758929017433438,0.624057145711574,42382.0,20019.0,0.4718984474541079,0.9990509016434388
Alvesta,5,0.3239896205592807,0.5050024542343609,0.2033433133732534,227054.6506986028,0.3397175262144233,0.6602824737855767,20040.0,9346.0,0.249500998003992,0.5349882302589344
Aneby,3,0.2320521038765064,0.3938746599638497,0.1339754816112084,232125.13134851132,0.2739938080495355,0.7244582043343654,6852.0,3230.0,0.43782837127845886,0.9287925696594427
Arjeplog,11,0.1922078555508757,0.3416881199053466,0.1077041011881947,225794.5573016481,0.4056549336410848,0.5920369301788806,2609.0,1733.0,4.216174779609045,6.3473744950952105
Arvidsjaur,7,0.177561214285651,0.3217273135480415,0.0984786520530018,237247.8652053002,0.4310883773799375,0.5689116226200626,6113.0,3519.0,1.1451006052674626,1.9892014776925264
Arvika,19,0.223562387752934,0.3829929651712867,0.1282221010824702,231908.687018145,0.3784530386740331,0.6215469613259669,25682.0,13756.0,0.7398177712016198,1.3812154696132597
Askersund,8,0.1699130264914925,0.3111168012028408,0.0937445548004878,229068.9492943021,0.3334423548650858,0.6665576451349141,11478.0,6115.0,0.6969855375500958,1.3082583810302535
Avesta,9,0.2804555107811688,0.4537886775545952,0.1686810530479497,223155.4212631301,0.3151277328421558,0.684712100584608,22753.0,12487.0,0.39555223487012703,0.7207495795627452
Bengtsfors,17,0.3046361998491935,0.4825173849503504,0.1874589625738673,195479.6782665791,0.3617721029212614,0.6382278970787386,9138.0,5169.0,1.8603633180126942,3.2888372992841943
Berg,3,0.1682412572872287,0.308779502099807,0.0927170868347339,200531.9607843137,0.2489193999491482,0.7472667175184338,7140.0,3933.0,0.42016806722689076,0.7627765064836003
Bjurholm,2,0.1889316798667319,0.3372626056315068,0.1056218057921635,194015.6729131176,0.2519616390584132,0.7480383609415867,2348.0,1147.0,0.8517887563884157,1.7436791630340018
Bjuv,9,0.3929657599266669,0.5819238140309646,0.2686623246492986,232425.3256513026,0.2908550185873605,0.7086988847583643,15968.0,6725.0,0.5636272545090181,1.338289962825279
Boden,21,0.1903194711786229,0.3391399544756509,0.1065025229932362,255394.0342840783,0.4269783944750681,0.5728948869036304,27943.0,15783.0,0.7515299001538848,1.3305455236647026
Bollebygd,7,0.1869809245390929,0.3346169298592943,0.1043871365457721,291136.9156477962,0.2245443499392466,0.7754556500607533,9733.0,4115.0,0.7192027124216583,1.7010935601458081
Bollnäs,22,0.2004747758159161,0.3527589611823893,0.1130082531990611,209528.70447489969,0.4090685066535239,0.5907202703654157,26414.0,14203.0,0.8328916483682895,1.5489685277758218
Borgholm,22,0.1803274189958434,0.3255324890062991,0.1002046892445106,172908.28991440267,0.2164009111617311,0.7835990888382688,10748.0,6146.0,2.0468924451060664,3.5795639440286364
Borlänge,24,0.2976347037867191,0.4742740777893932,0.1819077993621339,239991.3791437132,0.3837670762420819,0.6161947645577349,51735.0,26206.0,0.46390258045810384,0.9158208043959398
Borås,79,0.3706163740077737,0.5575101765981019,0.2456541468863446,260591.55787489528,0.4679631014709549,0.5319656658474908,114592.0,56154.0,0.6894024015638089,1.406845460697368
Botkyrka,15,0.4927812079399069,0.6859109170831584,0.4399217507741234,259144.4273579379,0.4378239726393416,0.5621760273606584,95592.0,37426.0,0.15691689681144863,0.40079089403088763
Boxholm,4,0.1796232822766179,0.3245654841465962,0.0997646206771682,226505.90258917256,0.2774170274170274,0.7225829725829725,5523.0,2772.0,0.7242440702516748,1.443001443001443
Bromölla,13,0.2791625024542252,0.4522314036034256,0.1677068330932949,226676.58025284045,0.2958284859564566,0.7041715140435433,12498.0,6017.0,1.0401664266282604,2.1605451221538976
Bräcke,7,0.212723219848399,0.3689195256651104,0.1210034431874077,193804.29578619445,0.2984009137635637,0.7015990862364363,6099.0,3502.0,1.147729135923922,1.9988577955454028
Burlöv,6,0.4547456605790434,0.6471842047669583,0.3495766982463213,254875.32251562184,0.4801507833667098,0.5198492166332901,19844.0,8489.0,0.3023583954847813,0.7067970314524679
Båstad,22,0.2341808980943707,0.3965844833506143,0.1354323780794369,232270.19859225745,0.271416755287723,0.728583244712277,15912.0,8463.0,1.3826043237807943,2.5995509866477606
Danderyd,16,0.2871298754415023,0.4617923308994844,0.1737561306641167,556434.745056911,0.1464583179774452,0.8535416820225548,32419.0,13567.0,0.49353774021407193,1.179332203139972
Degerfors,8,0.2627847590561509,0.4323102920994706,0.1556054290905204,204820.6048947312,0.3115667927533346,0.6884332072466653,9357.0,5023.0,0.8549748851127498,1.5926737009755125
Dorotea,1,0.1391677927720032,0.2670016321407499,0.0752458315519452,198200.4702864472,0.3870112657388999,0.6123260437375744,2339.0,1509.0,0.42753313381787084,0.6626905235255136
Eda,3,0.4044673154310727,0.5943127749155724,0.2814448758677491,249708.1891987293,0.322940902745463,0.677059097254537,8499.0,4298.0,0.35298270384751146,0.6979990693345742
Ekerö,12,0.2366788884316668,0.3997548855928856,0.1371494029436267,383767.0438767009,0.1510484319910929,0.848951568008907,28808.0,10778.0,0.41655095806720355,1.1133791055854518
Eksjö,12,0.2626297956754613,0.4321200215750219,0.1554929577464788,231247.723943662,0.4305676855895196,0.5692139737991266,17750.0,9160.0,0.676056338028169,1.3100436681222707
Emmaboda,10,0.3261480001935346,0.5074836507720455,0.2051678445229681,204865.19434628976,0.2962641181581233,0.7037358818418766,9056.0,4604.0,1.1042402826855124,2.172024326672459
Enköping,14,0.2851789591657514,0.4594588482146401,0.1722645572765675,271058.70951710426,0.3433050293925538,0.6541693881994339,48292.0,22965.0,0.28990308953863997,0.609623339865012
Eskilstuna,33,0.3924519370432513,0.581367634540296,0.2681077157851639,239658.1159042692,0.5022432422327737,0.4977567577672262,107468.0,53494.0,0.3070681505192243,0.6168916140127865
Eslöv,10,0.3342014315092245,0.5166964129809757,0.212077641984184,260960.24442846872,0.3801443586171964,0.6198556413828036,34775.0,15794.0,0.28756290438533433,0.6331518298087881
Essunga,3,0.1686996973085872,0.3094211024339869,0.092998585572843,211866.53111739745,0.2791467451268848,0.7208532548731151,5656.0,2719.0,0.5304101838755304,1.1033468186833395
Fagersta,2,0.4002385887979178,0.5897711878614467,0.2766601119346543,220136.74935713207,0.2482289600453386,0.7517710399546613,13222.0,7058.0,0.15126304643775526,0.2833663927458204
Falkenberg,30,0.2591370944509119,0.4278224232082261,0.1529676488069966,234336.5267045937,0.2997707556074976,0.6998696453454398,47108.0,22247.0,0.6368345079392036,1.3484964264844697
Falköping,11,0.2580606125812337,0.4264943216098972,0.1521930223394259,232677.0543481556,0.396458435809149,0.6035415641908509,32991.0,16264.0,0.33342426722439455,0.676340383669454
Falun,16,0.1922408619357898,0.3417325935374966,0.1077251358650351,264248.1862434568,0.4112795064377682,0.5885528433476395,59986.0,29824.0,0.26672890341079586,0.5364806866952789
Filipstad,6,0.2845902961225436,0.4587537854369782,0.1718158261909507,179557.05600956746,0.289855072463768,0.7101449275362319,10034.0,5865.0,0.5979669124975084,1.023017902813299
Finspång,12,0.2785351494524242,0.451475033664433,0.1672351802341661,243718.80704342213,0.3779346866725507,0.6218887908208297,21694.0,11330.0,0.5531483359454227,1.059135039717564
Flen,9,0.3398974192539619,0.5231701445805751,0.2170666326270104,187251.7743170794,0.428676111382511,0.5713238886174891,15668.0,8188.0,0.5744191983660965,1.0991695163654127
Forshaga,2,0.1689793425214791,0.3098122303325399,0.0931703934824059,237647.2872248224,0.2744409536130105,0.7244501940491591,11538.0,5411.0,0.1733402669440111,0.36961744594344853
Färgelanda,1,0.200211245646839,0.3524081298392389,0.1128380478706869,205506.72987255207,0.3022900763358778,0.6974045801526717,6434.0,3275.0,0.15542430836182777,0.3053435114503817
Gagnef,3,0.1268779030913298,0.2486252822246649,0.0680728667305848,234679.03163950145,0.1798301486199575,0.8201698513800425,10430.0,4710.0,0.2876318312559923,0.6369426751592356
Gislaved,20,0.3779975955587129,0.5656241349392871,0.2530157854828703,250012.70765837183,0.3498871331828442,0.6501128668171557,29014.0,13733.0,0.6893223960846488,1.456346027816209
Gnesta,3,0.2356749131944444,0.3984818699342669,0.1364583333333333,246309.12326388888,0.329159552267122,0.670840447732878,11520.0,5271.0,0.2604166666666667,0.5691519635742743
Gnosjö,8,0.384076219079531,0.5722680824943451,0.2592472420506165,253030.77006272983,0.34628217349857,0.6532411820781697,9246.0,4196.0,0.8652390222799049,1.9065776930409915
Gotland,60,0.1594972052541416,0.2964448138497856,0.0873846859689655,218624.1983319405,0.3056470818516947,0.6942550484455029,61029.0,30653.0,0.9831391633485719,1.9573940560467167
Grums,2,0.2125678366261771,0.368716257172429,0.1209009605829744,220650.601744507,0.3215115051720498,0.6780662866793329,9057.0,4737.0,0.2208236722976703,0.4222081486172683
Grästorp,3,0.1399026831997667,0.2680859808139729,0.0756785906884774,231413.7515728924,0.2563359884141925,0.7436640115858074,5563.0,2762.0,0.5392773683264426,1.0861694424330195
Gullspång,5,0.2816245862632274,0.4551947901734651,0.1695643680406329,180573.4127759328,0.2699364855328158,0.7300635144671842,5119.0,2834.0,0.9767532721234617,1.7642907551164433
Gällivare,9,0.1964028170449131,0.3473228816135956,0.1103866128101558,303683.2313906521,0.4534834771627026,0.5465165228372975,17330.0,9502.0,0.51933064050779,0.9471690170490423
Gävle,23,0.2760056160162205,0.4484199705658306,0.1653401846772012,261959.777653286,0.4679595900007374,0.5320404099992626,103532.0,54244.0,0.22215353707066415,0.42401002875894106
Göteborg,194,0.4165690340725031,0.6072256417558305,0.2957563147518425,298702.2677203382,0.5359033240500969,0.464093418673963,604616.0,307005.0,0.3208648133691467,0.6319115323854659
Götene,10,0.2086460960389531,0.3635713166855948,0.1183234982599485,231678.0980481162,0.2117647058823529,0.788235294117647,13218.0,6290.0,0.7565441065214102,1.589825119236884
Habo,12,0.1556281499923748,0.2909262654564285,0.0850470809792843,295667.450094162,0.1948655750960177,0.804932282191227,13275.0,4947.0,0.903954802259887,2.4257125530624624
Hagfors,11,0.282529417648858,0.4562818492675835,0.170249653259362,191847.61615811373,0.2130030959752321,0.7869969040247679,11536.0,6460.0,0.9535367545076283,1.7027863777089784
Hallsberg,6,0.2822455372942507,0.4559409125597501,0.1700344997535731,234882.1833415476,0.3631220264883631,0.6368779735116369,16232.0,7777.0,0.3696402168555939,0.7715057220007715
Hallstahammar,11,0.3158840252637879,0.4956378321629765,0.196589407950042,237065.84604299263,0.4092928779992383,0.5907071220007617,16654.0,7877.0,0.6605019815059445,1.3964707375904533
Halmstad,28,0.3246293789251978,0.5057384375294957,0.203882944534765,253503.8990131952,0.4720615455807496,0.5279384544192504,105796.0,51864.0,0.2646602896139741,0.5398735153478328
Hammarö,9,0.1383986749538965,0.2658650839343161,0.074793388429752,323592.3022432113,0.1622557849521962,0.8377442150478038,16940.0,7217.0,0.5312868949232586,1.2470555632534293
Haninge,25,0.419555880998957,0.6103938447078606,0.299445619592786,290733.0883900913,0.327888455743429,0.6720876282495875,99751.0,41813.0,0.2506240538941965,0.597900174586851
Haparanda,5,0.4819630411218575,0.6750001819843661,0.4050343249427917,196315.3862918165,0.3538078836586299,0.6452353616532721,9177.0,5226.0,0.5448403617740002,0.9567546880979717
Heby,6,0.2316834432918626,0.3934046240613875,0.1337237676915568,219699.8466150736,0.2646590415520486,0.7353409584479513,14343.0,6907.0,0.4183225266680611,0.8686839438251049
Hedemora,6,0.2433928963692782,0.4082268687275216,0.1418051482567611,214098.81394591072,0.3251600434835125,0.6745983814470347,15345.0,8279.0,0.39100684261974583,0.7247252083584974
Helsingborg,42,0.4065114459956533,0.5965026235523054,0.2837957516555853,271768.6066646399,0.4755376527616576,0.5244623472383423,151306.0,73235.0,0.27758317581589625,0.5734962791015226
Herrljunga,1,0.2172983381894193,0.3748851027244017,0.1240334710306111,229440.39826289588,0.3127921801954951,0.6872078198045048,9441.0,4706.0,0.10592098294672174,0.21249468763280918
Hjo,8,0.1626972609817385,0.3009806423904521,0.0893281486282134,228724.69215813352,0.3368606701940034,0.6620370370370371,9258.0,4536.0,0.8641175199827177,1.763668430335097
Hofors,1,0.2424319016473485,0.4070185997088908,0.1411350544058033,222617.03648389163,0.3037999606221697,0.6960031502264226,9374.0,5079.0,0.10667804565820355,0.19688915140775742
Huddinge,17,0.4299111631412937,0.6213214863742048,0.3127984550561797,326816.719627809,0.3186332087560064,0.6813667912439936,113920.0,46825.0,0.14922752808988765,0.36305392418579824
Hudiksvall,23,0.1820156761897562,0.3278465922680665,0.1012617877540178,233921.407889494,0.3649110463363152,0.6349884410493517,37645.0,19898.0,0.6109709124717758,1.155895064830636
Hultsfred,4,0.3392824949768905,0.5224729158070817,0.2165238060937837,192961.5933155658,0.4055312157721796,0.5944687842278203,13883.0,7304.0,0.28812216379745015,0.547645125958379
Hylte,6,0.3672366925122921,0.553777753785339,0.242353626565686,220305.0975822896,0.345023312385972,0.6549766876140279,10299.0,4933.0,0.5825808330905913,1.2162983985404419
Hällefors,5,0.3179619308036442,0.4980455983421391,0.198306389530408,179342.70977675135,0.3161423414130995,0.6838576585869005,6495.0,3878.0,0.7698229407236336,1.289324394017535
Härjedalen,11,0.1996397529076299,0.3516468511519466,0.1124691966485953,214766.80137999007,0.3068798172994576,0.6931201827005424,10145.0,7006.0,1.0842779694430753,1.5700827861832716
Härnösand,13,0.2507168194590121,0.4173886238886489,0.1469538411616776,216030.786079338,0.3273693666716574,0.6721814642910615,24654.0,13358.0,0.5272978015737811,0.9731995807755652
Härryda,30,0.2304609100932577,0.3918443128757622,0.1328902821316614,360909.34921630094,0.2660658065312674,0.7339341934687327,39875.0,16199.0,0.7523510971786833,1.851966170751281
Hässleholm,23,0.2881729042006897,0.4630378863200545,0.1745563829176317,226256.77532972183,0.3486004103914205,0.6513608734368346,52241.0,25829.0,0.44026722306234567,0.8904719501335707
Håbo,4,0.2798044176478649,0.4530047901528876,0.1681901279707495,316990.1627927222,0.2605633802816901,0.7391259320629661,22974.0,9656.0,0.1741098633237573,0.4142502071251035
Höganäs,26,0.2428380168879891,0.4075293883325852,0.1414180825027489,267358.46132018586,0.3044677330391616,0.6955322669608384,28193.0,12691.0,0.922214734153868,2.0486959262469466
Högsby,1,0.3732469304247647,0.5604077554657234,0.2482530342037514,174154.04560500183,0.3134076325565686,0.6865923674434313,5438.0,2961.0,0.18389113644722324,0.33772374197906113
Hörby,3,0.2193151633404486,0.3775030522819063,0.125376965030478,233854.21880012832,0.2925447839831401,0.7074552160168599,15585.0,7592.0,0.19249278152069296,0.3951527924130664
Höör,9,0.2107519442155137,0.3663374918047782,0.1197053406998158,262041.822053407,0.2459805038612482,0.7540194961387517,17376.0,7899.0,0.5179558011049723,1.1393847322445878
Järfälla,18,0.4573083141178024,0.6498262162886153,0.3538978338932005,302867.61149079114,0.3098506995197327,0.6901493004802672,86330.0,38312.0,0.20850225877447007,0.46982668615577367
Jönköping,52,0.3198751844784502,0.500258222180168,0.1998960050902771,271589.5546691662,0.4450901691891741,0.5549098308108259,146161.0,71754.0,0.35577205957813646,0.7246982746606461
Kalix,13,0.2075082873652529,0.3620733104563708,0.1175789541390621,223822.6796166463,0.3102074299777335,0.6897925700222665,15547.0,8533.0,0.8361741815141185,1.5234970116020157
Kalmar,22,0.2661849016209057,0.4364765715025204,0.1580825403850409,260280.80050896216,0.445437908496732,0.554562091503268,72304.0,38250.0,0.3042708563841558,0.5751633986928105
Karlsborg,6,0.1669305341894789,0.3069423545127855,0.09191332672426,228704.61690978616,0.328184350468473,0.671815649531527,7061.0,3949.0,0.8497379974507859,1.5193719929095975
Karlshamn,8,0.2493495893606279,0.4156845069493086,0.1459869983747968,235475.01875234404,0.3582688964814481,0.6416711622609842,31996.0,16683.0,0.25003125390673836,0.4795300605406701
Karlskoga,7,0.2762108558201632,0.4486681698393883,0.165493539539341,242013.4463500876,0.2742117117117116,0.7257882882882883,30261.0,15984.0,0.2313208420078649,0.43793793793793795
Karlskrona,16,0.2306913951086046,0.3921386681774137,0.1330472749171936,262559.68533574225,0.4024532031159167,0.5975467968840833,66420.0,34404.0,0.2408912978018669,0.46506220206952675
Karlstad,53,0.2511122473760558,0.4178809613558006,0.1472339637777298,264104.0829759444,0.4694135115070527,0.5305679287305123,97233.0,53880.0,0.5450824308619502,0.9836674090571641
Katrineholm,13,0.3109817342665255,0.489937598839073,0.1925766227712387,223311.6186924601,0.492635395422615,0.5073079537729436,34324.0,17652.0,0.3787437361612866,0.7364604577384999
Kil,5,0.1500025214446902,0.2828328783778009,0.0816714935870914,245580.9515928837,0.2793355956420789,0.720664404357921,12085.0,5599.0,0.41373603640877116,0.8930166101089481
Kinda,1,0.1719110877172514,0.3139017061704072,0.0949759807846277,228836.28903122497,0.3417435897435897,0.6566153846153846,9992.0,4875.0,0.10008006405124098,0.20512820512820512
Kiruna,22,0.2433216841613952,0.4081373821769516,0.1417554495609147,310242.8654214773,0.4779451947849168,0.5220548052150832,22433.0,12809.0,0.9806980787233095,1.7175423530330236
Klippan,3,0.3093103765400489,0.4879877954323675,0.1912204480054166,223096.016475766,0.2982598607888631,0.7017401392111369,17723.0,8620.0,0.16927156801895843,0.34802784222737815
Knivsta,5,0.2768542020608695,0.4494458108255824,0.165974703099353,365938.2205271797,0.2320345310312645,0.7643490433971069,20714.0,8572.0,0.2413826397605484,0.5832944470368642
Kramfors,8,0.2295449250552257,0.3906736268276909,0.1322670296636606,196940.8938800976,0.3400336666996732,0.6597682938904842,17631.0,10099.0,0.45374624241393,0.7921576393702346
Kristianstad,38,0.3193895017100528,0.4996969372849977,0.1994916820702403,238555.51987061,0.4085922570599476,0.5913605586618539,86560.0,42387.0,0.4390018484288355,0.896501285771581
Kristinehamn,9,0.236710129500002,0.3997944724922818,0.1371709283285048,211499.34920434983,0.3382547206465149,0.6616675732380138,23817.0,12869.0,0.3778813452575891,0.6993550392415883
Krokom,9,0.1348561069250395,0.26060742081736,0.0727156139788393,266978.3840974671,0.2355147978324301,0.7643462553841879,15595.0,7197.0,0.5771080474511061,1.2505210504376822
Kumla,11,0.243209297864607,0.4079961394773797,0.1416770296677918,261168.60898916327,0.4210475077881619,0.578952492211838,22516.0,10272.0,0.48854148161307515,1.070872274143302
Kungsbacka,51,0.1726865515314521,0.3149800575770162,0.0954549169322732,350177.51625745744,0.2379712822235284,0.7620287177764716,85653.0,35727.0,0.5954257293965185,1.4274918129146024
Kungsör,1,0.3057616727086513,0.483836954396199,0.1883605229665625,226706.8957537892,0.3882552778451832,0.6117447221548168,8643.0,4121.0,0.11570056693277797,0.24265954865323952
Kungälv,26,0.2011548330110326,0.3536636824510634,0.1134478256502962,311899.0278196244,0.2672258837627321,0.7325436696317463,49785.0,21697.0,0.5222456563221853,1.1983223487118035
Kävlinge,13,0.2065128649681105,0.3607607846209575,0.1169287696577243,332429.1705211224,0.2771393016616646,0.7227874972549594,32430.0,13661.0,0.40086339808818994,0.9516140838884416
Köping,16,0.3370550589538381,0.5199439987444578,0.2145661713757795,229240.04157363923,0.4173299294188317,0.5826700705811684,25978.0,13318.0,0.6159057664177381,1.201381588827151
Laholm,18,0.2575362216105594,0.4258467487795151,0.1518162996423866,225487.89008093355,0.2779752033483377,0.7219458264234384,26565.0,12663.0,0.6775832862789384,1.4214641080312722
Landskrona,15,0.3988292266561544,0.5882541105748682,0.2750880468451648,243270.5180973395,0.4866961306034094,0.5133038693965906,47134.0,22174.0,0.3182416090295752,0.676467935419861
Lekeberg,4,0.1327099723268909,0.2574037870901158,0.0714617708575412,270740.91331629094,0.2426588360918312,0.7573411639081687,8606.0,3746.0,0.46479200557750405,1.0678056593699945
Leksand,21,0.1713352573709636,0.3131000637972398,0.0946207068503397,223784.90930623948,0.3131604226705091,0.6865994236311239,16043.0,8328.0,1.308982110577822,2.521613832853026
Lerum,22,0.2001864517371911,0.3523751153598569,0.1128220381640964,341303.51896764745,0.1736808864902106,0.8263191135097893,43706.0,17417.0,0.5033633826019311,1.2631337199288053
Lidingö,15,0.2979896733661749,0.4746934446218031,0.1821869050575283,472295.7329691251,0.3026733721545791,0.6973266278454209,48324.0,22668.0,0.3104047678172337,0.6617257808364214
Lidköping,10,0.2003891759191189,0.3526450189043394,0.112952958879104,254378.28510816745,0.3311335012594458,0.668816120906801,40539.0,19850.0,0.2466760403562002,0.5037783375314862
Lilla edet,5,,0.0,,,,,,,,
Lindesberg,6,0.2558527685858121,0.4237651338119063,0.1506096513824489,223667.8988493904,0.3559519839946649,0.6438812937645882,23292.0,11996.0,0.25759917568263785,0.500166722240747
Linköping,92,0.3047453647011096,0.4826454424965384,0.1875462951900791,281157.1324460586,0.5047055567088783,0.4952598436094388,167404.0,86706.0,0.5495687080356503,1.061056904943141
Ljungby,17,0.3218690627855016,0.5025596780508113,0.2015616167326173,237064.67637083097,0.3842206103736143,0.6157793896263857,28304.0,14614.0,0.6006218202374223,1.163268099083071
Ljusdal,10,0.1775094678292492,0.3216559698508019,0.0984464343510626,206208.7280181249,0.3413144152133215,0.6586855847866785,18538.0,10149.0,0.5394325169921244,0.9853187506158243
Lomma,15,0.1859685765282694,0.3332408052166086,0.1037479189507451,412145.9170828765,0.1079816781990059,0.892018321800994,24627.0,10261.0,0.6090875867949811,1.4618458239937628
Ludvika,28,0.307265153768798,0.4855973658047493,0.1895689720475721,235848.8523596697,0.3682965848229811,0.6317034151770189,26402.0,14377.0,1.0605257177486553,1.9475551227655283
Luleå,20,0.2179555088702613,0.3757389336551337,0.124470712773465,280729.2078334509,0.4490551969989981,0.5508982035928144,79352.0,42919.0,0.25204153644520616,0.4659940818751602
Lund,39,0.361861721304739,0.5478190993492962,0.2371899177207417,281043.02391624707,0.4560648708562428,0.5439351291437572,130288.0,68567.0,0.2993368537394081,0.5687867341432468
Lycksele,3,0.1975308641975308,0.3488320958430319,0.1111111111111111,236628.54335544087,0.4555722891566265,0.5444277108433735,12213.0,6640.0,0.24563989191844754,0.45180722891566266
Lysekil,19,0.2389763152315409,0.4026618906329978,0.1387357720667191,226657.01911375189,0.4048593033345729,0.595140696665427,13969.0,8067.0,1.3601546281050898,2.3552745754307676
Malmö,79,0.4601168216172154,0.6527161010934193,0.3587853081602615,274278.10113963654,0.4698709941300671,0.5301124241385791,362133.0,180922.0,0.21815189446971142,0.43665225898453475
Malung-sälen,16,,0.0,,,,,,,,
Malå,1,0.2337208756054182,0.3959995295525091,0.1351170568561873,219607.2575250836,0.3599003735990037,0.6400996264009963,2990.0,1606.0,0.33444816053511706,0.6226650062266501
Mariestad,35,0.2166846120806342,0.3740870267817865,0.1236255933785044,231802.5642065972,0.2821046144364841,0.717895385563516,24647.0,12981.0,1.4200511218403862,2.6962483629920655
Mark,17,0.2371479478276152,0.4003490862010784,0.1374727236659393,245582.03587723523,0.3144669581819301,0.6854098663546222,35287.0,16237.0,0.48176382237084475,1.0469914393052904
Markaryd,5,0.3707969294418396,0.557709269787225,0.2458316792377927,220888.5271933307,0.3645004849660523,0.635305528612997,10076.0,5155.0,0.4962286621675268,0.9699321047526673
Mellerud,3,0.3003762564775205,0.4775089812927715,0.1840698308783415,194807.33224222585,0.3107225616178639,0.6892774383821361,9165.0,4747.0,0.32733224222585927,0.6319780914261639
Mjölby,11,0.2205318831517753,0.379078969877318,0.1261898096304591,258571.6055431131,0.3660060318828091,0.6339939681171909,28576.0,13926.0,0.3849384098544233,0.7898894154818326
Mora,22,0.166172426268562,0.3058778965084283,0.0914491624464355,229913.7855473316,0.3044734389561975,0.6951537744641193,20536.0,10730.0,1.0712894429294897,2.050326188257223
Motala,13,0.2580575429853496,0.4264905321151497,0.152190815953165,231790.5369557263,0.4430639930571415,0.5569360069428585,43728.0,21893.0,0.2972923527259422,0.5937971040972
Mullsjö,4,0.2117534102261262,0.3676501267073847,0.1203642602613171,236673.8550877656,0.2921642877949315,0.7075444217885232,7577.0,3433.0,0.5279134221987595,1.1651616661811826
Munkedal,6,0.2139088342251902,0.3704690774407703,0.1217863264140163,229150.57131974865,0.293854531310774,0.706145468689226,10502.0,5142.0,0.5713197486193106,1.1668611435239205
Munkfors,1,0.2665557137095764,0.4369299524703838,0.1583537748705369,196275.4701553557,0.3020316027088036,0.6979683972911964,3669.0,2215.0,0.2725538293813028,0.45146726862302483
Mölndal,25,0.314518105652346,0.4940523783632523,0.1954660163892591,347897.3728981768,0.3295553347410259,0.6704446652589741,70534.0,32204.0,0.35443899396035955,0.7763010806111043
Mönsterås,4,0.2347613959809245,0.3973221401737093,0.1358306684939851,223676.3590680676,0.320723436322532,0.6791258477769405,13134.0,6635.0,0.30455306837216384,0.6028636021100225
Mörbylånga,12,0.1543932822511176,0.289156836722512,0.0843037661050545,236221.95242814667,0.2133152173913043,0.7865489130434783,16144.0,7360.0,0.7433102081268582,1.6304347826086956
Nacka,36,0.3201561582112906,0.5005828107874644,0.2001301600788191,417792.7923856354,0.1867345650435587,0.8132654349564412,110633.0,47522.0,0.3254001970478971,0.7575438744160599
Nora,4,0.229046164124258,0.390035592999631,0.1319281076503246,230343.3612496472,0.3861236802413273,0.6138763197586727,10627.0,5304.0,0.37639973652018444,0.7541478129713424
Nordanstig,5,0.1654956154488369,0.3049264213074958,0.0910352187833511,200154.5144076841,0.2905447714464621,0.7075767063243582,9370.0,4791.0,0.5336179295624334,1.0436234606553956
Nordmaling,4,0.1758232285088381,0.3193278453937093,0.0973979809469643,216147.0354045216,0.2977077363896848,0.7022922636103152,7033.0,3490.0,0.5687473339968719,1.146131805157593
Norrköping,61,0.3331936910155775,0.5155474612311953,0.2112039569311739,258851.36088397185,0.5003543489519449,0.4995366206013029,145163.0,73374.0,0.4202172729965625,0.8313571564859487
Norrtälje,76,0.2372453689442446,0.4004724542544676,0.1375399118138969,230334.0124676904,0.2359494707292824,0.763904321890169,65770.0,34198.0,1.1555420404439714,2.2223521843382654
Norsjö,1,0.1931545178992082,0.3429627973449332,0.1083078491335372,207498.47094801223,0.3351377952755905,0.6648622047244095,3924.0,2032.0,0.25484199796126406,0.4921259842519685
Nybro,4,0.3105263262296476,0.4894066452390342,0.1922065028543062,207557.2598659717,0.3735070575461455,0.6264929424538545,20145.0,10131.0,0.198560436832961,0.3948277563912743
Nykvarn,3,0.2575316270973293,0.425841073225604,0.1518130007433716,347228.35549682,0.309610705596107,0.690389294403893,12107.0,4932.0,0.24779053440158588,0.6082725060827251
Nyköping,19,0.2771358486555426,0.4497860749525667,0.1661855670103093,247558.65979381444,0.3835876568328247,0.61539504916921,58200.0,29490.0,0.32646048109965636,0.6442861987114277
Nynäshamn,10,0.331558430036236,0.5136807232945793,0.2097918247500907,256245.41585563,0.3690993339125398,0.6308282652765711,30311.0,13812.0,0.32991323281976837,0.7240081088908196
Nässjö,5,0.3227723563054827,0.503600842333805,0.2023192618806875,235643.9237866532,0.3889607032057911,0.6110392967942089,31648.0,15472.0,0.15798786653185035,0.3231644260599793
Ockelbo,1,0.2130554333334016,0.3693539722362783,0.1212226467523445,197232.3723515109,0.3507392261717521,0.647373387857817,5758.0,3179.0,0.1736714136853074,0.31456432840515886
Olofström,9,0.3702664828204978,0.5571242734722165,0.2453104662736391,215067.06224638235,0.3751600512163892,0.6248399487836107,13061.0,7029.0,0.6890743434652783,1.2804097311139564
Orsa,6,0.209666527970055,0.3649127450139675,0.1189924724956572,209872.3943254198,0.3255443441317047,0.6744556558682953,6908.0,3766.0,0.8685581933989577,1.5932023366967605
Orust,11,0.1714601087705796,0.3132739409393739,0.0946977108198004,228370.40370442835,0.2110614070760471,0.7889385929239529,15333.0,7377.0,0.7174069001500032,1.491121051918124
Osby,10,0.2945079467891069,0.4705733504887689,0.1794597894094308,220779.154585686,0.3223583460949464,0.6776416539050536,13106.0,6530.0,0.7630093087135662,1.5313935681470139
Oskarshamn,12,0.2589006877877911,0.4275309020807655,0.1527973846496768,251861.2043985437,0.370075349838536,0.6299246501614639,26918.0,13935.0,0.44579835054610295,0.8611410118406889
Ovanåker,9,0.1550276763237514,0.2900663480353847,0.0846854663774403,199210.8546637744,0.3720775990714641,0.627756590946775,11525.0,6031.0,0.7809110629067245,1.492289835848118
Oxelösund,7,0.3368156017298489,0.5196718175641437,0.2143565174293738,221368.3049727408,0.3270518610808285,0.6729481389191715,12106.0,6421.0,0.578225673219891,1.0901728702694284
Partille,8,0.3375513994568435,0.5205079742644172,0.2150012275963663,339571.7309108765,0.3646357151210385,0.6353642848789616,40730.0,17102.0,0.1964154186103609,0.4677815460180096
Perstorp,2,0.3854571510945677,0.5737727199765658,0.2606855114024307,202278.95671173016,0.3695411829740188,0.6304588170259812,7323.0,3618.0,0.27311211252219036,0.5527915975677169
Piteå,19,0.1344091517626324,0.259941392035546,0.0724541847723408,262411.770262611,0.4198241333271948,0.5800377514847382,42344.0,21721.0,0.44870583789911206,0.874729524423369
Ragunda,6,0.2030924720947275,0.3562365478290739,0.1147030185004868,196793.47614410907,0.2996539792387543,0.7003460207612456,5135.0,2890.0,1.1684518013631937,2.0761245674740487
Robertsfors,6,0.1814227474046614,0.3270345686126337,0.1008902077151335,217636.17210682493,0.2260488415779586,0.7730118973074515,6740.0,3194.0,0.8902077151335311,1.878522229179712
Ronneby,7,0.2847591174983545,0.4589560347548771,0.1719444540160573,215295.72378622377,0.3616419919246298,0.6382234185733513,29021.0,14860.0,0.2412046449123049,0.47106325706594887
Rättvik,11,0.1433310190289232,0.2731239173326017,0.0777033146169172,198224.21662742252,0.2686541737649062,0.7308347529812607,11042.0,5870.0,0.9961963412425285,1.8739352640545146
Sala,5,0.2476588075567605,0.4135732049585611,0.1447949940926793,223155.4369229423,0.3790768134022456,0.6209231865977544,22853.0,11222.0,0.21878965562508204,0.4455533772945999
Salem,4,0.3599151225435195,0.54565416171403,0.2353446793880007,322011.50077359466,0.2367410777761979,0.7632589222238021,17451.0,7033.0,0.2292132256031173,0.5687473339968719
Sandviken,11,0.2956954233319777,0.4719802358738661,0.1803872838355597,234888.42549446,0.3589987484355444,0.6408510638297872,38628.0,19975.0,0.2847675261468365,0.5506883604505632
Sigtuna,15,0.4728832467370069,0.6657798441115883,0.383559557577719,285859.1882579147,0.4194484760522496,0.5805515239477503,52529.0,21359.0,0.2855565497153953,0.7022800692916336
Simrishamn,14,0.2233782538514206,0.3827556018808332,0.1280983018668916,185798.69212108428,0.3166380461743941,0.6833619538256058,18962.0,10482.0,0.7383187427486552,1.3356229727151308
Sjöbo,8,0.2039258287432157,0.3573408947654801,0.1152441220352935,237907.93846787047,0.2066909572706194,0.7933090427293806,19437.0,9057.0,0.41158615012604827,0.8832946891906812
Skara,11,0.2779921572706214,0.4508199510819752,0.166827490082556,241061.25227833173,0.3842863105175292,0.6157136894824707,18654.0,9584.0,0.5896858582609628,1.147746243739566
Skellefteå,30,0.2292569156565067,0.3903052448522817,0.1320712811267017,265282.3364949962,0.3502725149234363,0.6496236698676356,76542.0,38530.0,0.3919416790781532,0.7786140669608098
Skinnskatteberg,4,0.2941270251673833,0.470121674444022,0.1791628334866605,190303.77184912603,0.3042424242424242,0.6957575757575758,4348.0,2475.0,0.9199632014719411,1.6161616161616161
Skurup,12,0.2466137992738846,0.4122661133659894,0.1440602573987308,258335.8875511536,0.3520124239679048,0.6479875760320952,16861.0,7727.0,0.7117015598125853,1.5529959880936974
Skövde,19,0.2789496058992173,0.4519747828499678,0.1675466994442809,275593.0474525215,0.4455381909207767,0.5544618090792234,57763.0,29562.0,0.32893028409189273,0.6427170015560517
Smedjebacken,4,0.1839026253382329,0.3304257369885403,0.1024466232933199,222776.8166407037,0.2702702702702702,0.7297297297297297,10913.0,5476.0,0.36653532484193163,0.7304601899196493
Sollefteå,11,0.2135944547189703,0.3700584432407689,0.1215785779841278,200488.8786913567,0.3223048327137546,0.6776951672862453,18523.0,10760.0,0.5938562867785996,1.0223048327137547
Sollentuna,12,0.4134971347807668,0.6039595068888499,0.2920302122672223,394562.1317879933,0.2783908115096665,0.7200757689647915,76790.0,33259.0,0.15627034770152362,0.36080459424516675
Solna,27,0.4487937066406062,0.6410289554459853,0.3399901669281015,370539.65537424205,0.3560395866558888,0.6439604133441111,85426.0,45773.0,0.3160630253084541,0.5898673890721604
Sorsele,1,0.2315615111809552,0.3932491135329102,0.1336405529953917,203744.15584415584,0.3149492017416546,0.6850507982583455,2387.0,1378.0,0.41893590280687054,0.7256894049346879
Sotenäs,18,0.1941225724048552,0.3442644020822719,0.1089262041537781,229130.1811754309,0.2987060324403134,0.7012939675596865,9052.0,5487.0,1.988510826336721,3.2804811372334606
Staffanstorp,13,0.2652138968895159,0.4352884388289159,0.1573733058338244,335768.6947554508,0.2283071901350983,0.7716928098649016,27152.0,11029.0,0.47878609310548026,1.178710671865083
Stenungsund,8,0.2059147934727427,0.3599712967722562,0.1165386547986505,319080.2957433063,0.2830647868412219,0.7169352131587781,27862.0,11916.0,0.2871294235876821,0.671366230278617
Stockholm,148,0.3869803550213195,0.5754303643101749,0.2622820526562198,362387.40311625646,0.4269049185403041,0.5730931465500562,988943.0,516820.0,0.14965473237588012,0.28636662667853413
Storfors,1,0.249760496569638,0.4161969582929184,0.1462772954485661,202530.1499605367,0.3048552754435106,0.6951447245564892,3801.0,2142.0,0.26308866087871613,0.4668534080298786
Storuman,2,0.1713747791981812,0.3131551086807222,0.0946450809464508,214008.96637608967,0.2737886748394629,0.7250437828371279,5621.0,3426.0,0.3558085749866572,0.5837711617046117
Strängnäs,13,0.2784567671412252,0.4513804950528834,0.1671762982758177,281110.6714289385,0.3757536951069847,0.6241929459473881,38917.0,18741.0,0.3340442480150063,0.6936662931540473
Strömstad,9,0.4064195543129298,0.5964042579776851,0.2836895221133867,279491.5553576729,0.3801500778705932,0.6198499221294068,13476.0,7063.0,0.6678539626001782,1.2742460710746142
Strömsund,6,0.2063157406856419,0.3605006438134807,0.1168001439755241,194747.7278862593,0.308950762938493,0.6902627025326412,11113.0,6357.0,0.5399082156033475,0.9438414346389807
Sundbyberg,8,0.4454493812313161,0.6375586347383246,0.3348476176849335,354987.6234082129,0.4688407336590893,0.5277954819063806,55912.0,28242.0,0.14308198597796537,0.28326605764464274
Sundsvall,44,0.2091809086856895,0.3642746050842151,0.1186739640974469,268346.25401913055,0.3248156207275038,0.6751843792724962,99213.0,51931.0,0.44349026841240563,0.8472781190425758
Sunne,3,0.1941333811467605,0.3442789243802805,0.108933113871016,224517.0881340716,0.286970308446238,0.713029691553762,13366.0,6938.0,0.2244500972617088,0.4324012683770539
Surahammar,2,0.3082416224107496,0.4867392662106248,0.1903563519226897,234864.36480773104,0.2546521035598705,0.7453478964401294,9934.0,4944.0,0.20132876988121604,0.4045307443365696
Svalöv,5,0.300279656678539,0.4773951542443845,0.183993399339934,255585.8017051705,0.2866548899951823,0.7133451100048177,14544.0,6227.0,0.3437843784378438,0.8029548739360848
Svedala,17,0.219532369509962,0.3777845713680335,0.1255219429058372,313290.35790370684,0.2277975133214919,0.772202486678508,23470.0,9008.0,0.7243289305496379,1.8872113676731794
Svenljunga,4,0.2682384176430437,0.4389849315471752,0.159587322241844,213700.3903708523,0.2999028182701652,0.7000971817298348,10759.0,5145.0,0.37178176410447067,0.7774538386783285
Säffle,5,0.2442857961275402,0.4093482345589714,0.1424288854839784,199691.73272933185,0.3264737925190655,0.6731630553201792,15011.0,8261.0,0.33308906801678767,0.6052536012589275
Säter,10,0.149074298448316,0.2814893717599517,0.0811171395534999,235260.06403984703,0.323735828684542,0.676264171315458,11243.0,5557.0,0.8894423196655696,1.7995321216483715
Sävsjö,18,0.3182887184214062,0.4984238136281949,0.1985773054508056,215594.8320191978,0.3431801604668125,0.6568198395331875,11668.0,5484.0,1.5426808364758313,3.282275711159737
Söderhamn,8,0.2228832655475539,0.3821172339622056,0.1277657092284174,205474.378469708,0.379485294117647,0.618014705882353,24858.0,13600.0,0.3218279829431169,0.588235294117647
Söderköping,11,0.1343888638314452,0.2599111456079729,0.0724423219210331,246759.6354341831,0.3609510086455331,0.6387608069164266,14867.0,6940.0,0.7398937243559561,1.585014409221902
Södertälje,24,0.4924628745103804,0.6855910038737238,0.4386113793540709,259302.58098498816,0.5358627975454606,0.4641147249881993,102519.0,44489.0,0.23410294677084248,0.5394591921598597
Sölvesborg,19,0.2134570891177054,0.3698789639103049,0.1214878397711015,231401.47639484977,0.3052498853736817,0.6946354883081155,17475.0,8724.0,1.0872675250357653,2.1779000458505275
Tanum,14,0.2165156928001614,0.3738672505287119,0.1235134084726,223178.53867081227,0.2579960588146127,0.7418523571320297,12865.0,6597.0,1.0882238631947143,2.122176747006215
Tibro,10,0.2684254043383853,0.4392130431113342,0.1597246734909989,221849.78821037768,0.3063263041065482,0.6934887162412134,11332.0,5406.0,0.8824567596187787,1.8497965223825379
Tidaholm,5,0.1981901459416497,0.3497129844569052,0.1115351662902095,226046.0394111691,0.2657125077784691,0.7342874922215308,12839.0,6428.0,0.3894384297842511,0.7778469197261979
Tierp,17,0.2273796260488823,0.3879006810568317,0.1307979049686217,219871.9671589676,0.3416889058330156,0.6579298513152878,21193.0,10492.0,0.8021516538479687,1.6202821197102555
Timrå,4,0.1794524455585475,0.3243307064843937,0.0996579247434435,243562.4458380844,0.266591294516676,0.7332956472583381,17540.0,8845.0,0.22805017103762829,0.4522328999434709
Tingsryd,3,0.2889504871686013,0.4639655487217487,0.1751542575071986,197004.5742492801,0.3327131782945736,0.6672868217054263,12155.0,6450.0,0.24681201151789386,0.4651162790697675
Tjörn,16,0.1672304709185563,0.3073631155279934,0.0920971138362442,269519.6457326892,0.1564828614008941,0.8435171385991058,16146.0,7381.0,0.9909575126966431,2.1677279501422575
Tomelilla,9,0.2358855621461599,0.3987491020940386,0.1366032210834553,203277.70863836017,0.2896141528137868,0.710233338416959,13660.0,6557.0,0.6588579795021962,1.3725789232880892
Torsby,12,0.2458111795284925,0.4112610654846843,0.1434969702292087,223554.09677702645,0.3645863570391872,0.6352685050798258,11387.0,6890.0,1.0538333186967594,1.7416545718432512
Torsås,1,0.2012957737378009,0.3538510724258169,0.1135389888603256,196874.2502142245,0.2539682539682539,0.746031746031746,7002.0,3528.0,0.14281633818908884,0.2834467120181406
Tranemo,1,0.28858313208613,0.4635273874783381,0.1748716654043591,233266.2627282673,0.3079942897930049,0.692005710206995,11883.0,5604.0,0.08415383320710258,0.17844396859386152
Tranås,18,0.2740775583455892,0.4460855735647282,0.1639029592108771,234651.58091175687,0.4613883754364346,0.5384062435818443,18755.0,9738.0,0.9597440682484671,1.8484288354898337
Trelleborg,15,0.3039544331700283,0.4817173045360507,0.1869140957900119,256416.63967956367,0.3433170240980383,0.6566829759019617,46936.0,21869.0,0.3195841145389467,0.6859024189491975
Trollhättan,17,0.3518911801625913,0.5366905350682217,0.2278706007820831,260430.7788668258,0.4229356550129234,0.576996327030336,59073.0,29404.0,0.2877795270258832,0.5781526322949259
Trosa,18,0.2507729881617313,0.4174585724459294,0.1469936177359758,281762.7007054081,0.3019563822963438,0.6980436177036562,14885.0,6236.0,1.2092710782667115,2.886465683130212
Tyresö,8,0.2961064196551985,0.4724667636582832,0.1807089256299188,348866.97984666383,0.2663721912809679,0.7336278087190321,49173.0,20828.0,0.16269090761190083,0.3840983291722681
Täby,12,0.3205687595188291,0.5010592974517243,0.2004743412650838,430457.883968829,0.1127050991251067,0.8872949008748933,76738.0,33947.0,0.1563762412364148,0.35349220844257223
Töreboda,3,0.2425707755801034,0.407193296383916,0.1412318127119571,201631.3532436276,0.323589954713874,0.676410045286126,9141.0,4858.0,0.3281916639317361,0.6175380815150268
Uddevalla,17,0.2901861082295824,0.4654380700558175,0.1761065825225699,255381.6671049172,0.4046082949308756,0.5953917050691244,57045.0,28210.0,0.2980103427118941,0.6026231832683445
Ulricehamn,10,0.2390071708186605,0.4027008759272515,0.138757125204289,244232.18399968112,0.3264942772361169,0.6734209410767275,25087.0,11795.0,0.3986128273607845,0.8478168715557439
Umeå,53,0.2312492110702761,0.3928506986380903,0.1334275044894095,276691.0489815239,0.4766565213749197,0.5233155558037584,133091.0,71626.0,0.398223771705074,0.7399547650294586
Upplands väsby,6,,0.0,,,,,,,,
Upplands-bro,7,,0.0,,,,,,,,
Uppsala,50,0.3555717136626837,0.5408100805752792,0.2312731067260698,282968.8271667842,0.3828891322867226,0.6169242627073952,245329.0,123255.0,0.2038079476947283,0.40566305626546595
Uppvidinge,2,0.3490852884466306,0.5335407580202435,0.225304976789377,211879.09964374392,0.3390731292517007,0.6609268707482994,9263.0,4704.0,0.21591277124041888,0.42517006802721086
Vadstena,3,0.1622407035739275,0.3003350620033111,0.0890503093892924,215302.784503632,0.3986800293326815,0.6013199706673185,7434.0,4091.0,0.4035512510088781,0.7333170373991689
Vaggeryd,12,0.2972706022742724,0.4738437611765164,0.1816217676051583,263654.1219363986,0.3311341501727929,0.668865849827207,14811.0,6366.0,0.8102086287218959,1.885014137606032
Valdemarsvik,6,0.1837866359740601,0.3302674197624013,0.1023736904919771,181884.29916456703,0.3623258049014897,0.6367131186929361,7541.0,4162.0,0.7956504442381647,1.4416146083613646
Vallentuna,6,0.2767883487795837,0.4493662365497796,0.165925419089976,355519.73429125326,0.1100272851296043,0.8899727148703956,35076.0,14660.0,0.17105713308244952,0.4092769440654843
Vansbro,13,0.1814727367906108,0.3271030592016723,0.1009215219976218,211788.5850178359,0.290929203539823,0.709070796460177,6728.0,3616.0,1.9322235434007133,3.5951327433628317
Vara,11,0.2106396388146747,0.3661901771107396,0.1196315199800821,220018.7538902029,0.2848882035466461,0.7151117964533539,16066.0,7782.0,0.6846757126851736,1.4135183757388845
Varberg,28,0.2069352672255684,0.3613179746031889,0.1172045371386754,266808.4434687157,0.3792518580195516,0.6207481419804484,68325.0,32427.0,0.40980607391145263,0.8634779658926203
Vaxholm,5,0.1929060209319308,0.3426283731966987,0.1081492764661081,389104.2904290429,0.1444507468330496,0.8555492531669503,11817.0,5289.0,0.4231192350004231,0.9453582907922102
Vellinge,41,0.1714299413822064,0.3132319309523556,0.0946791032911124,382238.1313265144,0.1385222567287784,0.8614777432712215,37738.0,15456.0,1.0864380730298373,2.6526915113871636
Vetlanda,21,0.2809183469679246,0.4543455717188041,0.1690304749436322,231446.8215870245,0.3549337260677466,0.6447717231222386,27498.0,13580.0,0.7636919048658084,1.5463917525773194
Vilhelmina,4,0.1514681555610377,0.2849495088365574,0.0825482995369631,206027.7183458407,0.3185063152114223,0.6812191103789127,6263.0,3642.0,0.6386715631486508,1.098297638660077
Vimmerby,1,0.2277361356977991,0.3883577775205789,0.1310393894314727,228257.4477718129,0.387547317582561,0.612452682417439,15461.0,7661.0,0.06467886941336265,0.13053126223730585
Vindeln,3,0.1973092750944831,0.3485358306121529,0.1109686870536531,211161.7103094672,0.2838088180807706,0.7161911819192294,5461.0,2699.0,0.5493499359091741,1.1115227862171175
Vänersborg,13,0.2628162803283377,0.43234899105451,0.155628311506548,240918.4494651605,0.3723398852150947,0.6276601147849052,40012.0,19689.0,0.32490252924122764,0.6602671542485652
Vännäs,8,0.1628380146824461,0.3011795671558726,0.089413842587482,257455.86709349812,0.3429027113237639,0.6570972886762361,9059.0,4389.0,0.8830996798763661,1.8227386648439279
Värmdö,34,0.2445477623047862,0.4096769955967224,0.1426120891137937,349311.97547012026,0.1806204633588544,0.8193795366411455,46637.0,20114.0,0.7290348864635375,1.6903649199562494
Värnamo,19,0.3297416732487466,0.5116033944802292,0.208230975983353,265101.0086413688,0.3807094412100114,0.6192905587899886,34601.0,16661.0,0.5491170775411116,1.1403877318288218
Västervik,20,0.2102781039093373,0.3657157826272003,0.1193939726628973,214628.38557391448,0.3582416462917685,0.6417074164629177,36434.0,19632.0,0.5489378053466543,1.0187449062754685
Västerås,40,0.3718709653745445,0.5588929373283953,0.2468903057709411,279969.5462915409,0.3942740286298568,0.6057259713701432,159662.0,80685.0,0.2505292430258922,0.4957550969820908
Växjö,44,0.3219403428173915,0.5026418709168274,0.2016213335519708,262748.9720622297,0.4891747476746487,0.5108252523253513,97574.0,50530.0,0.45093979953676183,0.8707698396991886
Vårgårda,14,0.2419893302352288,0.4064616653221307,0.1408268733850129,255282.9215116279,0.2941065357007933,0.7058934642992066,12384.0,5294.0,1.1304909560723513,2.644503211182471
Ydre,6,0.1814500994082977,0.3270720443379444,0.1009073412152873,196993.4011547979,0.2697297297297297,0.7302702702702702,3637.0,1850.0,1.6497113005224084,3.243243243243243
Ystad,17,0.1994937855588552,0.3514523077158626,0.1123750430885901,245508.3325499044,0.3621969322117763,0.6378030677882236,31911.0,16168.0,0.5327316599291779,1.0514596734289956
Älmhult,19,0.395037683938366,0.5841641595912838,0.2709123354896275,288803.75306714256,0.3605580064385358,0.6393227614164779,17932.0,8387.0,1.0595583314744592,2.2654107547394777
Älvdalen,15,0.1690785250834281,0.3099509084723406,0.0932313465146485,214073.5171020349,0.2359374999999999,0.7640625,6929.0,3840.0,2.1648145475537595,3.90625
Älvkarleby,7,0.2500314767493783,0.4165347641624976,0.1464688675302967,234674.41496030087,0.3418227741528099,0.6577562618396127,9572.0,4751.0,0.7312996239030506,1.4733740265207325
Ängelholm,32,0.2324779882287815,0.3944173773767218,0.1342664824143003,268582.1468372487,0.3900153110935833,0.6099846889064168,44866.0,21553.0,0.713234966344225,1.4847121050433814
Åmål,2,0.2589602111598985,0.4276043099993905,0.1528402465433949,205742.18723971347,0.3614084070110129,0.6385915929889872,12006.0,6447.0,0.16658337497917708,0.31022180859314413
Åre,19,0.2058486077901788,0.3598838866133158,0.1164955070603337,268073.21084724006,0.2714363735663572,0.7285636264336428,12464.0,7324.0,1.524390243902439,2.594210813762971
Årjäng,4,0.3446164570425436,0.5285075980613443,0.2212675629232791,252131.45658546448,0.3022790883646541,0.6971211515393843,9893.0,5002.0,0.4043262913170929,0.7996801279488205
Åsele,3,0.2260148325744864,0.3861488423977989,0.1298749080206034,187761.36865342164,0.3090342679127726,0.6903426791277258,2718.0,1605.0,1.1037527593818985,1.8691588785046729
Åstorp,7,0.4063689643701151,0.5963501008293662,0.2836310608822457,239150.97217158828,0.3880070546737213,0.6119929453262787,16458.0,6804.0,0.42532506987483293,1.02880658436214
Åtvidaberg,4,0.1467894094033728,0.2781722318409285,0.0797556719022687,228063.96160558463,0.3414592855933638,0.6585407144066362,11460.0,5907.0,0.34904013961605584,0.6771626883358727
Öckerö,8,0.1258493739799326,0.2470658134333768,0.0674779623995631,286625.30618613,0.1744728494122037,0.8255271505877962,12819.0,5359.0,0.6240736406896014,1.492815823847733
Ödeshög,5,0.2003074439817567,0.3525362119959074,0.1129001704868346,213219.96590263303,0.2701348747591521,0.7298651252408478,5279.0,2595.0,0.9471490812653912,1.9267822736030829
Örebro,56,0.3170996379743147,0.4970470188879325,0.1975926902126164,264538.32680673746,0.5640582512538522,0.4354825064958608,159348.0,82745.0,0.3514320857494289,0.6767780530545653
Örkelljunga,1,0.3072921599505158,0.4856289625200051,0.1895907217482986,220791.8911147321,0.3057948316366484,0.6940093970242757,10433.0,5108.0,0.09584970765839164,0.19577133907595928
Örnsköldsvik,36,0.1721424048163746,0.3142235183484295,0.0951187858250117,250075.9436172897,0.3411280680779239,0.6587664392713974,55478.0,28438.0,0.648905872598147,1.2659118081440326
Östersund,43,0.1904167399943805,0.3392713866959711,0.1065643254573758,255520.2123888349,0.406632396491032,0.5932558529362463,64881.0,35794.0,0.6627518071546369,1.2013186567581158
Österåker,22,0.2926268774489868,0.4683411174312292,0.1779960228886814,348578.5398319873,0.1897636197626052,0.8101856548645633,49282.0,19714.0,0.4464104541211802,1.115958202292787
Östhammar,16,0.1799133984352534,0.3249640382315112,0.0999458776835648,236303.7795417644,0.263063063063063,0.7360360360360361,22172.0,11100.0,0.7216308858019123,1.4414414414414414
Östra göinge,8,,0.0,,,,,,,,
